,title,studio,domestic_gross(mils),foreign_gross(mils),year,world_wide_gross(mils)
0,Toy Story 3,BV,415.0,652.0,2010,1067.0
1,Alice in Wonderland (2010),BV,334.2,691.3,2010,1025.5
2,Harry Potter and the Deathly Hallows Part 1,WB,296.0,664.3,2010,960.3
3,Inception,WB,292.6,535.7,2010,828.3
4,Shrek Forever After,P/DW,238.7,513.9,2010,752.6
5,The Twilight Saga: Eclipse,Sum.,300.5,398.0,2010,698.5
6,Iron Man 2,Par.,312.4,311.5,2010,623.9
7,Tangled,BV,200.8,391.0,2010,591.8
8,Despicable Me,Uni.,251.5,291.6,2010,543.1
9,How to Train Your Dragon,P/DW,217.6,277.3,2010,494.9
10,Clash of the Titans (2010),WB,163.2,330.0,2010,493.2
11,The Chronicles of Narnia: The Voyage of the Dawn Treader,Fox,104.4,311.3,2010,415.7
12,The King's Speech,Wein.,135.5,275.4,2010,410.9
13,Tron Legacy,BV,172.1,228.0,2010,400.1
14,The Karate Kid,Sony,176.6,182.5,2010,359.1
15,Prince of Persia: The Sands of Time,BV,90.8,245.6,2010,336.4
16,Black Swan,FoxS,107.0,222.4,2010,329.4
17,Megamind,P/DW,148.4,173.5,2010,321.9
18,Robin Hood,Uni.,105.3,216.4,2010,321.7
19,The Last Airbender,Par.,131.8,187.9,2010,319.7
20,Little Fockers,Uni.,148.4,162.2,2010,310.6
21,Resident Evil: Afterlife,SGem,60.1,240.1,2010,300.2
22,Shutter Island,Par.,128.0,166.8,2010,294.8
23,Salt,Sony,118.3,175.2,2010,293.5
24,Sex and the City 2,WB (NL),95.3,193.0,2010,288.3
25,The Tourist,Sony,67.6,210.7,2010,278.3
26,The Expendables,LGF,103.1,171.4,2010,274.5
27,Grown Ups,Sony,162.0,109.4,2010,271.4
28,Knight & Day,Fox,76.4,185.5,2010,261.9
29,True Grit,Par.,171.2,81.0,2010,252.2
30,Gulliver's Travels,Fox,42.8,194.6,2010,237.4
31,Percy Jackson & The Olympians: The Lightning Thief,Fox,88.8,137.7,2010,226.5
32,The Social Network,Sony,97.0,128.0,2010,225.0
33,Valentine's Day,WB (NL),110.5,106.0,2010,216.5
34,The Sorcerer's Apprentice,BV,63.2,152.1,2010,215.3
35,Due Date,WB,100.5,111.2,2010,211.7
36,Eat Pray Love,Sony,80.6,124.0,2010,204.6
37,Yogi Bear,WB,100.2,101.3,2010,201.5
38,Red,Sum.,90.4,108.6,2010,199.0
39,Paranormal Activity 2,Par.,84.8,92.8,2010,177.6
40,The A-Team,Fox,77.2,100.0,2010,177.2
41,Jackass 3-D,Par.,117.2,54.5,2010,171.7
42,The Other Guys,Sony,119.2,51.2,2010,170.4
43,Unstoppable,Fox,81.6,86.2,2010,167.8
44,Step Up 3-D,BV,42.4,116.9,2010,159.3
45,The Book of Eli,WB,94.8,62.3,2010,157.1
46,The Town,WB,92.2,61.8,2010,154.0
47,Date Night,Fox,98.7,53.6,2010,152.3
48,Legend of the Guardians: The Owls of Ga'Hoole,WB,55.7,84.4,2010,140.1
49,The Wolfman,Uni.,62.0,77.8,2010,139.8
50,The Bounty Hunter,Sony,67.099999,69.3,2010,136.399999
51,Saw 3D,LGF,45.7,90.4,2010,136.1
52,Wall Street: Money Never Sleeps,Fox,52.5,82.3,2010,134.8
53,The Fighter,Par.,93.6,35.6,2010,129.2
54,Predators,Fox,52.0,75.2,2010,127.2
55,A Nightmare on Elm Street (2010),WB (NL),63.1,52.6,2010,115.7
56,Dear John,SGem,80.0,35.0,2010,115.0
57,Cats & Dogs: The Revenge of Kitty Galore,WB,43.6,68.9,2010,112.5
58,Tooth Fairy,Fox,60.0,52.4,2010,112.4
59,Life as We Know It,WB,53.4,52.3,2010,105.7
60,Hereafter,WB,32.7,72.5,2010,105.2
61,The Girl with the Dragon Tattoo,MBox,10.1,94.3,2010,104.4
62,Love and Other Drugs,Fox,32.4,70.5,2010,102.9
63,Aftershock (Tangshan Dadizhen),CL,0.063,100.2,2010,100.263
64,Killers,LGF,47.1,51.1,2010,98.2
65,Kick-Ass,LGF,48.1,48.1,2010,96.2
66,Green Zone,Uni.,35.1,59.8,2010,94.9
67,Nanny McPhee Returns,Uni.,29.0,64.2,2010,93.2
68,Get Him to the Greek,Uni.,61.0,30.3,2010,91.3
69,Burlesque,SGem,39.4,50.1,2010,89.5
70,The Last Song,BV,63.0,26.1,2010,89.1
71,Dinner for Schmucks,P/DW,73.0,13.8,2010,86.8
72,Marmaduke,Fox,33.6,50.1,2010,83.7
73,Piranha 3D,W/Dim.,25.0,58.2,2010,83.2
74,Oceans,BV,19.4,63.2,2010,82.6
75,Edge of Darkness,WB,43.3,37.8,2010,81.1
76,Vampires Suck,Fox,36.7,43.9,2010,80.6
77,Letters to Juliet,Sum.,53.0,26.1,2010,79.1
78,The Back-Up Plan,CBS,37.5,40.0,2010,77.5
79,If You Are the One 2 (Fei Cheng Wu Rao II),CL,0.427,75.6,2010,76.027
80,Diary of a Wimpy Kid,Fox,64.0,11.7,2010,75.7
81,Easy A,SGem,58.4,16.6,2010,75.0
82,Hubble 3D,WB,52.4,21.5,2010,73.9
83,Takers,SGem,57.7,11.3,2010,69.0
84,Tales from Earthsea,BV,0.0485,68.6,2010,68.6485
85,Legion (2010),SGem,40.2,27.8,2010,68.0
86,The American,Focus,35.6,32.299999,2010,67.899999
87,The Last Exorcism,LGF,41.0,26.7,2010,67.7
88,The Next Three Days,LGF,21.1,46.3,2010,67.4
89,The Girl Who Played with Fire,MBox,7.6,59.5,2010,67.1
90,Skyline,Uni.,21.4,45.4,2010,66.8
91,Hot Tub Time Machine,MGM,50.3,14.3,2010,64.6
92,Devil,Uni.,33.6,29.1,2010,62.7
93,127 Hours,FoxS,18.3,42.4,2010,60.7
94,Tyler Perry's Why Did I Get Married Too?,LGF,60.1,0.578,2010,60.678
95,Secretariat,BV,59.7,0.537,2010,60.237
96,The Ghost Writer,Sum.,15.5,44.7,2010,60.2
97,Morning Glory,Par.,31.0,29.0,2010,60.0
98,Remember Me,Sum.,19.1,37.0,2010,56.1
99,Cop Out,WB,44.9,10.7,2010,55.6
100,The Crazies,Over.,39.1,15.7,2010,54.8
101,From Paris with Love,LGF,24.1,28.7,2010,52.8
102,Daybreakers,LGF,30.1,21.3,2010,51.4
103,Alpha and Omega,LGF,25.1,25.4,2010,50.5
104,The Switch,Mira.,27.8,22.1,2010,49.9
105,She's Out of My League,Par.,32.0,17.8,2010,49.8
106,Death at a Funeral (2010),SGem,42.7,6.3,2010,49.0
107,How Do You Know,Sony,30.2,18.5,2010,48.7
108,Charlie St. Cloud,Uni.,31.2,17.0,2010,48.2
109,Scott Pilgrim vs. the World,Uni.,31.5,16.1,2010,47.6
110,Heartbreaker,IFC,0.504,46.9,2010,47.404
111,The Spy Next Door,LGF,24.3,20.9,2010,45.2
112,"The Good, the Bad, the Weird",IFC,0.128,44.1,2010,44.228
113,Machete,Fox,26.6,17.5,2010,44.1
114,The Girl Who Kicked the Hornet's Nest,MBox,5.2,38.3,2010,43.5
115,The Man From Nowhere,CJ,0.528,42.5,2010,43.028
116,When in Rome,BV,32.7,10.4,2010,43.1
117,My Name is Khan,FoxS,4.0,38.3,2010,42.3
118,Going the Distance,WB (NL),17.8,24.2,2010,42.0
119,The Concert,Wein.,0.658,40.5,2010,41.158
120,Agora,NM,0.619,38.4,2010,39.019
121,For Colored Girls,LGF,37.7,0.0173,2010,37.7173
122,Brooklyn's Finest,Over.,27.2,9.3,2010,36.5
123,Furry Vengeance,Sum.,17.6,18.6,2010,36.2
124,Faster,CBS,23.2,12.4,2010,35.6
125,The Kids Are All Right,Focus,20.8,13.9,2010,34.7
126,You Will Meet a Tall Dark Stranger,SPC,3.2,31.0,2010,34.2
127,The Secret in Their Eyes,SPC,6.4,27.6,2010,34.0
128,Avatar: Special Edition,Fox,10.7,22.5,2010,33.2
129,Leap Year,Uni.,25.9,6.7,2010,32.6
130,You Again,BV,25.7,6.3,2010,32.0
131,Mesrine: Killer Instinct,MBox,0.552,30.5,2010,31.052
132,The Losers,WB,23.6,5.8,2010,29.4
133,Case 39,ParV,13.3,14.9,2010,28.2
134,Ramona and Beezus,Fox,26.2,1.1,2010,27.3
135,Splice,WB,17.0,9.8,2010,26.8
136,Fair Game (2010),Sum.,9.5,14.6,2010,24.1
137,Let Me In,Over.,12.1,12.0,2010,24.1
138,Mao's Last Dancer,Gold.,4.8,17.5,2010,22.3
139,Just Wright,FoxS,21.5,0.0299,2010,21.5299
140,Our Family Wedding,FoxS,20.3,1.2,2010,21.5
141,My Soul to Take,Uni.,14.7,6.2,2010,20.9
142,71 Into the Fire,JS,0.177,20.8,2010,20.977
143,"I Love You, Phillip Morris",RAtt.,2.0,18.7,2010,20.7
144,Country Strong,SGem,20.2,0.31,2010,20.51
145,Another Year,SPC,3.2,16.5,2010,19.7
146,Youth in Revolt,W/Dim.,15.3,4.4,2010,19.7
147,Buried,LGF,1.0,18.1,2010,19.1
148,[Rec] 2,Magn.,0.0278,18.5,2010,18.5278
149,Repo Men,Uni.,13.8,4.6,2010,18.4
150,A Prophet (Un proph√®te),SPC,2.1,15.8,2010,17.9
151,Soul Kitchen,IFC,0.277,17.6,2010,17.877
152,Mother (2010),Magn.,0.552,16.6,2010,17.152
153,Micmacs,SPC,1.3,15.1,2010,16.4
154,The Nutcracker in 3D,Free,0.195,16.0,2010,16.195
155,Sea Rex 3D: Journey to a Prehistoric World,3D,6.1,9.9,2010,16.0
156,I Hate Luv Storys,UTV,0.848,14.9,2010,15.748
157,Extraordinary Measures,CBS,12.1,3.1,2010,15.2
158,Somewhere,Focus,1.8,12.2,2010,14.0
159,Winter's Bone,RAtt.,6.5,7.3,2010,13.8
160,The Last Station,SPC,6.6,6.9,2010,13.5
161,Raajneeti,UTV,1.5,11.1,2010,12.6
162,Made in Dagenham,SPC,1.1,11.3,2010,12.4
163,Blue Valentine,Wein.,9.7,2.6,2010,12.3
164,Tamara Drewe,SPC,0.56,11.4,2010,11.96
165,Chloe,SPC,3.1,8.6,2010,11.7
166,Looking for Eric,IFC,0.0558,11.5,2010,11.5558
167,The Warrior's Way,Rela.,5.7,5.4,2010,11.1
168,I Am Love,Magn.,5.0,5.9,2010,10.9
169,Jonah Hex,WB,10.5,0.356,2010,10.856
170,Harry Brown,Gold.,1.8,8.5,2010,10.3
171,Cyrus,FoxS,7.5,2.5,2010,10.0
172,Conviction,FoxS,6.8,2.9,2010,9.7
173,Get Low,SPC,9.2,0.518,2010,9.718
174,Babies,Focus,7.3,2.2,2010,9.5
175,Stone,Over.,1.8,7.7,2010,9.5
176,Peepli Live,UTV,0.758,8.7,2010,9.458
177,Never Let Me Go,FoxS,2.4,7.0,2010,9.4
178,Mid-August Lunch,Zeit.,0.675,8.7,2010,9.375
179,MacGruber,Uni.,8.5,0.797,2010,9.297
180,City Island,Anch.,6.7,1.2,2010,7.9
181,Inside Job,SPC,4.3,3.6,2010,7.9
182,The Joneses,RAtt.,1.5,5.5,2010,7.0
183,Centurion,Magn.,0.124,6.7,2010,6.824
184,Animal Kingdom,SPC,1.0,5.7,2010,6.7
185,Nowhere Boy,Wein.,1.5,5.1,2010,6.6
186,It's Kind of a Funny Story,Focus,6.4,0.128,2010,6.528
187,"Waiting for ""Superman""",ParV,6.4,0.0093,2010,6.4093
188,Greenberg,Focus,4.2,1.9,2010,6.1
189,Coco Chanel & Igor Stravinsky,SPC,1.6,4.099999,2010,5.699999
190,Vincere,IFC,0.619,5.1,2010,5.719
191,The Illusionist (2010),SPC,2.2,3.4,2010,5.6
192,Exit Through the Gift Shop,PDA,3.3,2.0,2010,5.3
193,Mademoiselle Chambon,Lorb.,0.532,4.7,2010,5.232
194,Solitary Man,Anch.,4.4,0.818,2010,5.218
195,Rabbit Hole,LGF,2.2,2.9,2010,5.1
196,Vision,Zeit.,0.435,4.6,2010,5.035
197,Mother and Child,SPC,1.1,3.9,2010,5.0
198,The Runaways,App.,3.6,1.1,2010,4.7
199,Four Lions,Drft.,0.305,4.4,2010,4.705
200,Wild Grass,SPC,0.404,4.2,2010,4.604
201,Please Give,SPC,4.0,0.28,2010,4.28
202,Monsters,Magn.,0.237,4.0,2010,4.237
203,Rare Exports: A Christmas Tale,Osci.,0.236,3.8,2010,4.036
204,The Killer Inside Me,IFC,0.217,3.8,2010,4.017
205,The Perfect Game,IW,1.0,2.8,2010,3.8
206,To Save a Life,Gold.,3.8,0.0458,2010,3.8458
207,Inspector Bellamy,IFC,0.108,3.6,2010,3.708
208,Catfish,Rog.,3.2,0.242,2010,3.442
209,Wild Target,Free,0.109,3.3,2010,3.409
210,Outside the Law (Hors-la-loi),Unknown,0.0969,3.3,2010,3.3969
211,Frozen (2010),Anch.,0.246,2.9,2010,3.146
212,Dabangg,Eros,1.3,1.7,2010,3.0
213,Kites,Relbig.,1.6,1.3,2010,2.9
214,Letters to God,Viv.,2.8,0.0603,2010,2.8603
215,Twelve,Hann.,0.184,2.4,2010,2.584
216,Tees Maar Khan,UTV,1.1,1.4,2010,2.5
217,Fish Tank,IFC,0.375,2.0,2010,2.375
218,Housefull,Eros,1.2,1.2,2010,2.4
219,Golmaal 3,Eros,1.1,0.935,2010,2.035
220,After.Life,Anch.,0.109,1.9,2010,2.009
221,Cairo Time,IFC,1.6,0.391,2010,1.991
223,Guzaarish,UTV,1.0,0.695,2010,1.695
224,Ondine,Magn.,0.55,1.1,2010,1.65
225,Anjaana Anjaani,Eros,0.855,0.761,2010,1.616
226,John Rabe,Strand,0.0675,1.4,2010,1.4675
227,Restrepo,NGE,1.3,0.105,2010,1.405
228,Raavan,Relbig.,0.709,0.648,2010,1.357
229,The City of Your Final Destination,Scre.,0.493,0.859,2010,1.352
231,Ajami,Kino,0.622,0.669,2010,1.291
232,Army of Crime,Lorb.,0.037,1.2,2010,1.237
233,Lebanon,SPC,0.368,0.83,2010,1.198
234,Howl,Osci.,0.617,0.566,2010,1.183
235,Videocracy,Kino,0.0237,1.2,2010,1.2237
236,When You're Strange,Abr.,0.246,0.901,2010,1.147
237,The Salvation Poem (Poema de Salvacion),CZ,0.915,0.183,2010,1.098
238,Casino Jack,ATO,1.0,0.0407,2010,1.0407
239,Leaving,IFC,0.176,0.893,2010,1.069
240,Khatta Meetha,Eros,0.542,0.499,2010,1.041
241,We Are Family,UTV,0.638,0.393,2010,1.031
242,Leaves of Grass,First,0.0701,0.949,2010,1.0191
243,North Face,MBox,0.711,0.216,2010,0.927
244,Creation,NM,0.341,0.555,2010,0.896
245,No One Knows About Persian Cats,IFC,0.0818,0.798,2010,0.8798
246,Carlos,IFC,0.146,0.726,2010,0.872
247,Hideaway (Le Refuge),Strand,0.0345,0.837,2010,0.8715
248,The Disappearance of Alice Creed,Anch.,0.167,0.701,2010,0.868
249,Break Ke Baad,Relbig.,0.428,0.389,2010,0.817
250,Veer (2010),Eros,0.527,0.277,2010,0.804
251,Life During Wartime,IFC,0.281,0.487,2010,0.768
252,Enter the Void,IFC,0.336,0.418,2010,0.754
253,The Secret of Kells,GK,0.677,0.0627,2010,0.7397
255,No Problem,Eros,0.285,0.369,2010,0.654
256,All Good Things,Magn.,0.582,0.0625,2010,0.6445
257,Jack Goes Boating,Over.,0.542,0.0776,2010,0.6196
258,Holy Rollers,FInd.,0.303,0.305,2010,0.608
259,Chain Letter,NFC,0.139,0.447,2010,0.586
260,I Spit on Your Grave,Anch.,0.0931,0.48,2010,0.5731
261,I'm Still Here,Magn.,0.409,0.16,2010,0.569
262,Salt of this Sea,Lorb.,0.0117,0.545,2010,0.5567
263,Undertow (2010),TFC,0.109,0.393,2010,0.502
264,Father of My Children,IFC,0.144,0.335,2010,0.479
265,The Greatest (2010),Pala.,0.115,0.359,2010,0.474
266,The Extra Man,Magn.,0.453,0.0045,2010,0.4575
268,Dogtooth,Kino,0.11,0.274,2010,0.384
270,The Tempest,Mira.,0.278,0.0687,2010,0.3467
271,The Good Heart,Magn.,0.0209,0.323,2010,0.3439
272,Formosa Betrayed,Scre.,0.225,0.101,2010,0.326
273,Red Hill,Strand,0.0211,0.3,2010,0.3211
274,Welcome to the Rileys,Gold.,0.159,0.158,2010,0.317
275,"A Woman, A Gun and A Noodle Shop",SPC,0.191,0.121,2010,0.312
276,The Girl on the Train,Strand,0.208,0.0971,2010,0.3051
277,Mesrine: Public Enemy No. 1,MBox,0.275,0.0281,2010,0.3031
278,44 Inch Chest,Imag.,0.039,0.255,2010,0.294
279,Karthik Calling Karthik,Eros,0.286,0.0071,2010,0.2931
281,Eyes Wide Open,NAV,0.0263,0.25,2010,0.2763
282,Waste Land,Arth.,0.188,0.0887,2010,0.2767
283,South of the Border,CLS,0.199,0.0708,2010,0.2698
284,Human Centipede,IFC,0.181,0.0707,2010,0.2517
285,"Lovely, Still",Mont.,0.128,0.106,2010,0.234
286,The Girl (Flickan),Olive,0.0022,0.229,2010,0.2312
288,Bitch Slap,Free,0.0174,0.182,2010,0.1994
289,Chance Pe Dance,UTV,0.169,0.0243,2010,0.1933
290,Client 9: The Rise and Fall of Eliot Spitzer,Magn.,0.189,0.0035,2010,0.1925
292,Perrier's Bounty,IFC,0.0008,0.167,2010,0.1678
293,Around a Small Mountain,CGld,0.0332,0.131,2010,0.1642
294,Spring Fever,Strand,0.0108,0.15,2010,0.1608
295,The Eclipse,Magn.,0.133,0.0264,2010,0.1594
296,George A. Romero's Survival of the Dead,Magn.,0.102,0.0415,2010,0.1435
297,The Romantics,FOAK,0.107,0.0173,2010,0.1243
299,Freakonomics,Magn.,0.101,0.0164,2010,0.1174
300,Saint John of Las Vegas,IVP,0.103,0.0091,2010,0.1121
301,Band Baaja Baaraat,Yash,0.0438,0.0607,2010,0.1045
303,Kisses,Osci.,0.0817,0.0153,2010,0.097
304,Waking Sleeping Beauty,BV,0.0807,0.0042,2010,0.0849
305,Enemies of the People,ICir,0.0732,0.0064,2010,0.0796
307,Hadewijch,IFC,0.005,0.0575,2010,0.0625
309,As Good as Dead,First,0.002,0.0536,2010,0.0556
310,Inhale,IFC,0.0041,0.051,2010,0.0551
312,District B13: Ultimatum,Magn.,0.0361,0.0162,2010,0.0523
313,GasLand,WOW,0.0308,0.0186,2010,0.0494
314,Boogie Woogie,IFC,0.0026,0.0449,2010,0.0475
315,Come Undone (2010),FM,0.01,0.0313,2010,0.0413
316,The Red Baron,Mont.,0.0372,0.0031,2010,0.0403
317,Bluebeard,Strand,0.0335,0.0052,2010,0.0387
318,Daddy Longlegs,IFC,0.0218,0.0115,2010,0.0333
320,Nenette,Kino,0.018,0.0054,2010,0.0234
321,Picture Me,Strand,0.012,0.0104,2010,0.0224
322,The Thorn in the Heart,Osci.,0.0074,0.0105,2010,0.0179
328,Harry Potter and the Deathly Hallows Part 2,WB,381.0,960.5,2011,1341.5
329,Transformers: Dark of the Moon,P/DW,352.4,771.4,2011,1123.8
330,Pirates of the Caribbean: On Stranger Tides,BV,241.1,804.6,2011,1045.7
331,The Twilight Saga: Breaking Dawn Part 1,Sum.,281.3,430.9,2011,712.2
332,Mission: Impossible - Ghost Protocol,Par.,209.4,485.3,2011,694.7
333,Kung Fu Panda 2,P/DW,165.2,500.4,2011,665.6
334,Fast Five,Uni.,209.8,416.3,2011,626.1
335,The Hangover Part II,WB,254.5,332.3,2011,586.8
336,The Smurfs,Sony,142.6,421.1,2011,563.7
337,Cars 2,BV,191.5,370.7,2011,562.2
338,Puss in Boots,P/DW,149.3,405.7,2011,555.0
339,Sherlock Holmes: A Game of Shadows,WB,186.8,358.6,2011,545.4
340,Rio,Fox,143.6,341.0,2011,484.6
341,Rise of the Planet of the Apes,Fox,176.8,305.0,2011,481.8
342,Thor,Par.,181.0,268.3,2011,449.3
343,The Adventures of Tintin,Par.,77.6,296.4,2011,374.0
344,Captain America: The First Avenger,Par.,176.7,193.9,2011,370.6
345,X-Men: First Class,Fox,146.4,207.2,2011,353.6
346,Alvin and the Chipmunks: Chipwrecked,Fox,133.1,209.6,2011,342.7
347,Real Steel,BV,85.5,213.8,2011,299.3
348,Bridesmaids,Uni.,169.1,119.3,2011,288.4
349,Super 8,Par.,127.0,133.1,2011,260.1
350,Rango,Par.,123.5,122.2,2011,245.7
351,The Girl with the Dragon Tattoo (2011),Sony,102.5,130.1,2011,232.6
352,The Green Hornet,Sony,98.8,129.0,2011,227.8
353,Immortals,Rela.,83.5,143.4,2011,226.9
354,Green Lantern,WB,116.6,103.3,2011,219.9
355,The Help,BV,169.7,46.9,2011,216.6
356,Bad Teacher,Sony,100.3,115.9,2011,216.2
357,Just Go With It,Sony,103.0,111.9,2011,214.9
358,Battle: Los Angeles,Sony,83.6,128.3,2011,211.9
359,Horrible Bosses,WB (NL),117.5,92.1,2011,209.6
360,Paranormal Activity 3,Par.,104.0,103.0,2011,207.0
361,Gnomeo and Juliet,BV,100.0,94.0,2011,194.0
362,Mr. Popper's Penguins,Fox,68.2,119.1,2011,187.3
363,Hugo,Par.,73.9,111.9,2011,185.8
364,The Lion King (in 3D),BV,94.2,91.3,2011,185.5
365,Hop,Uni.,108.1,75.9,2011,184.0
366,War Horse,BV,79.9,97.7,2011,177.6
367,The Descendants,FoxS,82.6,94.7,2011,177.3
368,Cowboys & Aliens,Uni.,100.2,74.6,2011,174.8
369,In Time,Fox,37.5,136.4,2011,173.9
370,Zookeeper,Sony,80.4,89.5,2011,169.9
371,The Muppets,BV,88.6,76.6,2011,165.2
372,Limitless,Rela.,79.2,82.6,2011,161.8
373,Johnny English Reborn,Uni.,8.3,151.8,2011,160.1
374,Final Destination 5,WB (NL),42.6,115.3,2011,157.9
375,Tower Heist,Uni.,78.0,74.9,2011,152.9
376,Midnight in Paris,SPC,56.8,94.3,2011,151.1
377,Happy Feet Two,WB,64.0,86.4,2011,150.4
378,I Am Number Four,BV,55.1,94.8,2011,149.9
379,Jack and Jill,Sony,74.2,75.5,2011,149.7
380,Friends with Benefits,SGem,55.8,93.7,2011,149.5
381,No Strings Attached,Par.,70.7,78.6,2011,149.3
382,Arthur Christmas,Sony,46.5,101.0,2011,147.5
383,Source Code,Sum.,54.7,92.6,2011,147.3
384,"Crazy, Stupid, Love.",WB,84.4,58.5,2011,142.9
385,New Year's Eve,WB (NL),54.5,87.5,2011,142.0
386,Contagion,WB,75.7,59.8,2011,135.5
387,The Artist,Wein.,44.7,88.8,2011,133.5
388,The Three Musketeers (2011),Sum.,20.4,111.9,2011,132.3
389,Unknown,WB,63.7,67.099999,2011,130.799999
390,The Adjustment Bureau,Uni.,62.5,65.4,2011,127.9
391,We Bought a Zoo,Fox,75.6,44.5,2011,120.1
392,Water for Elephants,Fox,58.7,58.4,2011,117.1
393,The Iron Lady,Wein.,30.0,84.9,2011,114.9
394,Moneyball,Sony,75.6,34.6,2011,110.2
395,Sanctum,Uni.,23.2,85.4,2011,108.6
396,Justin Bieber: Never Say Never,Par.,73.0,26.0,2011,99.0
397,Paul,Uni.,37.4,60.6,2011,98.0
398,Scream 4,W/Dim.,38.2,59.0,2011,97.2
399,Insidious,FD,54.0,43.0,2011,97.0
400,The Rite,WB (NL),33.0,63.0,2011,96.0
401,Dolphin Tale,WB,72.3,23.1,2011,95.4
402,Season of the Witch,Rela.,24.8,66.8,2011,91.6
403,Sucker Punch,WB,36.4,53.4,2011,89.8
404,Red Riding Hood,WB,37.7,51.5,2011,89.2
405,Spy Kids: All the Time in the World,W/Dim.,38.5,47.0,2011,85.5
406,J. Edgar,WB,37.3,47.6,2011,84.9
407,Hall Pass,WB (NL),45.1,38.1,2011,83.2
408,"Big Mommas: Like Father, Like Son",Fox,37.9,44.8,2011,82.7
409,Abduction,LGF,28.1,54.0,2011,82.1
410,"Tinker, Tailor, Soldier, Spy",Focus,24.1,56.5,2011,80.6
411,Priest,SGem,29.1,49.2,2011,78.3
412,Drive (2011),FD,35.1,41.1,2011,76.2
413,The Mechanic,CBS,29.1,47.0,2011,76.1
414,The Ides of March,Sony,41.0,35.0,2011,76.0
415,The Change-Up,Uni.,37.1,38.4,2011,75.5
416,The Lincoln Lawyer,LGF,58.0,17.0,2011,75.0
417,Diary of a Wimpy Kid: Rodrick Rules,Fox,52.7,19.7,2011,72.4
418,Larry Crowne,Uni.,35.6,36.4,2011,72.0
419,The Dilemma,Uni.,48.5,21.2,2011,69.7
420,The Darkest Hour,Sum.,21.4,43.2,2011,64.6
421,Hanna,Focus,40.3,23.5,2011,63.8
422,Footloose (2011),Par.,51.8,11.7,2011,63.5
423,Elite Squad: The Enemy Within,Vari.,0.1,62.9,2011,63.0
424,Colombiana,TriS,36.7,24.3,2011,61.0
425,Something Borrowed,WB,39.0,21.1,2011,60.1
426,One Day,Focus,13.8,45.5,2011,59.3
427,Beginning of the Great Revival,CL,0.151,58.2,2011,58.351
428,Killer Elite,ORF,25.1,31.3,2011,56.4
429,Extremely Loud & Incredibly Close,WB,31.8,23.4,2011,55.2
430,The Tree of Life,FoxS,13.3,41.0,2011,54.3
431,Tyler Perry's Madea's Big Happy Family,LGF,53.3,0.816,2011,54.116
432,Detective Dee and the Mystery of the Phantom Flame,IM,0.46,51.3,2011,51.76
433,Winnie the Pooh,BV,26.7,23.2,2011,49.9
434,Conan the Barbarian (2011),LGF,21.3,27.5,2011,48.8
435,Soul Surfer,TriS,43.9,3.2,2011,47.1
436,War of the Arrows,CJ,0.251,45.8,2011,46.051
437,Arthur (2011),WB,33.0,12.7,2011,45.7
438,The Debt,Focus,31.2,14.5,2011,45.7
439,Beastly,CBS,27.9,15.3,2011,43.2
440,Of Gods and Men,SPC,4.0,38.2,2011,42.2
441,Born to Be Wild (IMAX),WB,25.9,15.6,2011,41.5
442,Evangelion 2.0: You Can (Not) Advance,Elev.,0.134,41.0,2011,41.134
443,Fright Night (2011),BV,18.3,22.7,2011,41.0
444,30 Minutes or Less,Sony,37.1,3.5,2011,40.6
445,The Roommate,SGem,37.3,3.2,2011,40.5
446,Shark Night 3D,Rela.,18.9,21.3,2011,40.2
447,Monte Carlo,Fox,23.2,16.5,2011,39.7
448,50/50,Sum.,35.0,4.2,2011,39.2
449,Mars Needs Moms,BV,21.4,17.6,2011,39.0
450,Dream House,Uni.,21.3,17.2,2011,38.5
451,Jumping the Broom,TriS,37.3,0.415,2011,37.715
452,Don't Be Afraid of the Dark,FD,24.0,12.9,2011,36.9
453,RA One,Eros,2.5,33.4,2011,35.9
454,A Very Harold & Kumar 3D Christmas,WB,35.1,0.326,2011,35.426
455,My Week with Marilyn,Wein.,14.6,20.5,2011,35.1
456,The Sitter,Fox,30.4,4.5,2011,34.9
457,Jane Eyre,Focus,11.2,23.5,2011,34.7
459,Shaolin,Vari.,0.0661,33.6,2011,33.6661
460,African Cats,BV,15.4,15.4,2011,30.8
461,The Skin I Live In,SPC,3.2,27.7,2011,30.9
462,I Don't Know How She Does It,Wein.,9.7,20.9,2011,30.6
463,What's Your Number?,Fox,14.0,16.399999,2011,30.399999
464,Drive Angry,Sum.,10.7,18.2,2011,28.9
465,Carnage (2011),SPC,2.5,25.1,2011,27.6
466,A Dangerous Method,SPC,5.7,21.8,2011,27.5
467,The Thing (2011),Uni.,16.9,10.5,2011,27.4
468,The Eagle,Focus,19.5,7.6,2011,27.1
469,Legend of the Fist: The Return of Chen Zhen,Vari.,0.0504,26.5,2011,26.5504
470,Apollo 18,W/Dim.,17.7,7.9,2011,25.6
471,Biutiful,RAtt.,5.1,20.0,2011,25.1
472,Your Highness,Uni.,21.6,3.3,2011,24.9
474,The Rum Diary,FD,13.1,10.8,2011,23.9
475,The Women on the 6th Floor,Strand,0.72,22.5,2011,23.22
476,Potiche,MBox,1.6,21.6,2011,23.2
477,Warrior,LGF,13.7,9.4,2011,23.1
478,Young Adult,Par.,16.3,6.6,2011,22.9
479,Sarah's Key,Wein.,7.7,13.4,2011,21.1
480,The Way Back,NM,2.7,17.6,2011,20.3
481,A Separation,SPC,7.1,12.8,2011,19.9
482,The Guard,SPC,5.4,14.2,2011,19.6
483,Margin Call,RAtt.,5.4,14.2,2011,19.6
484,Glee The 3D Concert Movie,Fox,11.9,6.8,2011,18.7
485,Shame,FoxS,3.9,13.8,2011,17.7
486,13 Assassins,Magn.,0.803,16.8,2011,17.603
487,Hoodwinked Too! Hood vs. Evil,Wein.,10.1,6.8,2011,16.9
488,The Heir Apparent: Largo Winch,MBox,0.0104,16.9,2011,16.9104
489,The Last Godfather,RAtt.,0.164,16.6,2011,16.764
490,Delhi Belly,UTV,1.5,15.2,2011,16.7
491,Melancholia,Magn.,3.0,12.9,2011,15.9
492,Judy Moody and the NOT Bummer Summer,Rela.,15.0,0.678,2011,15.678
493,The Conspirator,RAtt.,11.5,3.9,2011,15.4
494,Anonymous,Sony,4.5,10.9,2011,15.4
495,Ip Man 2: Legend of the Grandmaster,Vari.,0.206,14.9,2011,15.106
496,The Housemaid,IFC,0.158,14.6,2011,14.758
497,Desert Flower,NGE,0.0443,14.6,2011,14.6443
498,Pina,IFC,3.5,11.1,2011,14.6
499,Beginners,Focus,5.8,8.5,2011,14.3
500,My Afternoons with Margueritte,Cohen,0.667,13.6,2011,14.267
501,I Saw the Devil,Magn.,0.129,12.6,2011,12.729
502,The Hedgehog,NeoC,0.708,12.0,2011,12.708
503,Gainsbourg: A Heroic Life,MBox,0.233,12.0,2011,12.233
504,The Warring States,CL,0.069,11.8,2011,11.869
505,What Women Want (Wo Zhi Nu Run Xin),CL,0.124,11.7,2011,11.824
506,Snow Flower and the Secret Fan,FoxS,1.3,10.0,2011,11.3
507,Win Win,FoxS,10.2,0.652,2011,10.852
508,Flying Monsters,NGE,5.7,5.1,2011,10.8
509,City of Life and Death,Kino,0.123,10.6,2011,10.723
510,Le Havre,Jan.,0.612,9.9,2011,10.512
513,In a Better World,SPC,1.0,8.6,2011,9.6
514,Trespass (2011),MNE,0.0241,9.6,2011,9.6241
515,Saving Private Perez,LGF,1.4,7.9,2011,9.3
516,Point Blank,Magn.,0.708,8.5,2011,9.208
517,Winter in Wartime,SPC,0.543,8.7,2011,9.243
518,Barney's Version (U.S. only),SPC,4.4,4.0,2011,8.4
519,Outrage (2011),Magn.,0.0447,8.4,2011,8.4447
520,Senna,PDA,1.6,6.6,2011,8.2
521,Last Night,Trib.,0.099,7.6,2011,7.699
522,The Big Year,Fox,7.2,0.244,2011,7.444
523,The Beaver,Sum.,0.971,6.3,2011,7.271
526,The Princess of Montpensier,IFC,0.352,6.4,2011,6.752
527,Cave of Forgotten Dreams,IFC,5.3,1.2,2011,6.5
528,Sex and Zen 3D: Extreme Ecstasy,CL,0.153,6.2,2011,6.353
529,We Need to Talk About Kevin,Osci.,1.7,4.3,2011,6.0
530,Attack the Block,SGem,1.0,4.8,2011,5.8
531,Even the Rain,Vita.,0.518,5.3,2011,5.818
532,Young Goethe in Love,MBox,0.162,5.6,2011,5.762
533,11-11-11,Rocket,0.0328,5.7,2011,5.7328
534,Certified Copy,IFC,1.4,4.099999,2011,5.499999
535,Thank You (2011),UTV,0.464,5.0,2011,5.464
536,The Company Men,Wein.,4.4,0.441,2011,4.841
538,Tucker & Dale Vs. Evil,Magn.,0.224,4.5,2011,4.724
539,London Boulevard,IFC,0.0161,4.6,2011,4.6161
540,Dylan Dog: Dead of Night,OMNI/FSR,1.2,3.4,2011,4.6
541,The Names of Love,MBox,0.514,4.099999,2011,4.613999
543,Burke and Hare,IFC,0.0048,4.3,2011,4.3048
544,King of Devil's Island,FM,0.0076,4.2,2011,4.2076
545,Bride Flight,MBox,0.501,3.7,2011,4.201
546,Trollhunter,Magn.,0.253,3.9,2011,4.153
548,Carancho,Strand,0.0855,3.9,2011,3.9855
549,Like Crazy,ParV,3.4,0.336,2011,3.736
550,The Double,Imag.,0.138,3.6,2011,3.738
552,Love Crime,IFC,0.54,3.1,2011,3.64
553,Incendies (U.S. only),SPC,2.1,1.5,2011,3.6
554,Martha Marcy May Marlene,FoxS,3.0,0.548,2011,3.548
555,Fireflies in the Garden,Unknown,0.0706,3.3,2011,3.3706
557,Machine Gun Preacher,Rela.,0.539,2.8,2011,3.339
558,The Last Circus,Magn.,0.0405,3.2,2011,3.2405
559,From Prada to Nada,LGF,3.0,0.123,2011,3.123
560,Flypaper,IFC,0.005,3.1,2011,3.105
562,Take Shelter,SPC,1.7,1.4,2011,3.1
563,The Greatest Miracle,KKM,0.555,2.5,2011,3.055
564,Rapt,Lorb.,0.0458,2.9,2011,2.9458
565,Pastorela,LGF,0.161,2.7,2011,2.861
566,The Double Hour,Gold.,1.5,1.2,2011,2.7
568,3 (2011),Strand,0.06,2.6,2011,2.66
569,Oranges and Sunshine,Cohen,0.143,2.4,2011,2.543
570,Ong Bak 3,Magn.,0.0149,2.3,2011,2.3149
571,Poetry,Kino,0.356,1.9,2011,2.256
572,The Tree,Zeit.,0.0712,2.1,2011,2.1712
573,"The Butcher, the Chef and the Swordsman",CL,0.0479,2.0,2011,2.0479
575,Armadillo,Lorb.,0.0146,2.0,2011,2.0146
577,Brighton Rock,IFC,0.23,1.6,2011,1.83
578,A Somewhat Gentle Man,Strand,0.0377,1.8,2011,1.8377
579,The Topp Twins: Untouchable Girls,Argo.,0.0293,1.8,2011,1.8293
580,Another Earth,FoxS,1.3,0.456,2011,1.756
582,Chalet Girl,IFC,0.0017,1.7,2011,1.7017
583,Yamla Pagla Deewana,Eros,0.993,0.6,2011,1.593
587,Uncle Boonmee Who Can Recall His Past Lives,Strand,0.184,0.946,2011,1.13
590,London River,Libre,0.0072,1.1,2011,1.1072
592,When We Leave (Die Fremde),Olive,0.0196,1.1,2011,1.1196
594,Vanishing on 7th Street,Magn.,0.0227,1.0,2011,1.0227
596,The Time That Remains,IFC,0.0329,1.0,2011,1.0329
599,Texas Killing Fields,Anch.,0.0455,0.912,2011,0.9575
601,Miral,Wein.,0.373,0.527,2011,0.9
602,Submarine,Wein.,0.468,0.397,2011,0.865
604,Mozart's Sister,MBox,0.708,0.132,2011,0.84
605,Plastic Planet,FRun,0.0032,0.836,2011,0.8392
606,Chillar Party,UTV,0.0063,0.826,2011,0.8323
608,The First Grader,NGE,0.332,0.382,2011,0.714
611,Dhobi Ghat (Mumbai Diaries),UTV,0.577,0.102,2011,0.679
614,No One Killed Jessica,UTV,0.441,0.193,2011,0.634
615,Korkoro,Lorb.,0.0082,0.619,2011,0.6272
616,Blackthorn,Magn.,0.201,0.423,2011,0.624
617,How I Ended This Summer,FM,0.0087,0.614,2011,0.6227
618,The Ledge,IFC,0.0092,0.602,2011,0.6112
619,Heartbeats,IFC,0.0687,0.52,2011,0.5887
623,Kaboom,IFC,0.119,0.421,2011,0.54
626,Protektor,FM,0.003,0.469,2011,0.472
628,The Other Woman,IFC,0.0254,0.427,2011,0.4524
630,Rage (Rabia),Strand,0.0056,0.403,2011,0.4086
631,The Human Resources Manager,FM,0.064,0.329,2011,0.393
633,7 Khoon Maaf,UTV,0.27,0.0947,2011,0.3647
634,Another Happy Day,P4,0.0085,0.347,2011,0.3555
636,The Mill and the Cross,KC,0.312,0.0303,2011,0.3423
641,Special Treatment,FRun,0.0089,0.286,2011,0.2949
642,Illegal (2011),FM,0.0007,0.289,2011,0.2897
646,Black Death,Magn.,0.0226,0.243,2011,0.2656
647,Le Quattro Volte,Lorb.,0.153,0.103,2011,0.256
649,Caterpillar,Lorb.,0.0042,0.248,2011,0.2522
650,Little Girl (La Pivellina),FRun,0.0014,0.236,2011,0.2374
652,"If I Want to Whistle, I Whistle",FM,0.0121,0.22,2011,0.2321
655,The Robber,Kino,0.0835,0.125,2011,0.2085
656,Henry's Crime,MPFT,0.103,0.102,2011,0.205
658,Film Socialisme,Lorb.,0.033,0.159,2011,0.192
660,Leap Year (2011),Strand,0.013,0.175,2011,0.188
661,A Screaming Man,FM,0.0099,0.175,2011,0.1849
663,Nostalgia for the Light,Icar.,0.164,0.0137,2011,0.1777
664,Anchor Baby,AGF,0.0158,0.161,2011,0.1768
667,Road to Nowhere,Mont.,0.0403,0.121,2011,0.1613
677,Octubre,NYer,0.0321,0.0967,2011,0.1288
678,The Arbor,Strand,0.0216,0.105,2011,0.1266
679,Mysteries of Lisbon,MBox,0.111,0.0149,2011,0.1259
680,Vidal Sassoon: The Movie,P4,0.086,0.0386,2011,0.1246
690,"Tuesday, After Christmas",Lorb.,0.0278,0.0362,2011,0.064
705,Brotherhood (2011),P4,0.0197,0.0127,2011,0.0324
711,I'm Glad My Mother is Alive,Strand,0.0087,0.0132,2011,0.0219
715,Aurora,CGld,0.0057,0.0051,2011,0.0108
721,To Die Like a Man,Strand,0.004,0.0009,2011,0.0049
727,Marvel's The Avengers,BV,623.4,895.5,2012,1518.9
728,Skyfall,Sony,304.4,804.2,2012,1108.6
729,The Dark Knight Rises,WB,448.1,636.8,2012,1084.9
730,The Hobbit: An Unexpected Journey,WB (NL),303.0,718.1,2012,1021.1
731,Ice Age: Continental Drift,Fox,161.3,715.9,2012,877.2
732,The Twilight Saga: Breaking Dawn Part 2,LG/S,292.3,537.4,2012,829.7
733,The Amazing Spider-Man,Sony,262.0,495.9,2012,757.9
734,Madagascar 3: Europe's Most Wanted,P/DW,216.4,530.5,2012,746.9
735,The Hunger Games,LGF,408.0,286.4,2012,694.4
736,MIB 3,Sony,179.0,445.0,2012,624.0
737,Life of Pi,Fox,125.0,484.0,2012,609.0
738,Ted,Uni.,218.8,330.6,2012,549.4
739,Brave,BV,237.3,303.2,2012,540.5
740,Wreck-It Ralph,BV,189.4,281.8,2012,471.2
741,Les Miserables (2012),Uni.,148.8,293.0,2012,441.8
742,The Intouchables (U.S.-only),Wein.,10.2,416.4,2012,426.6
743,Django Unchained,Wein.,162.8,262.6,2012,425.4
744,Prometheus,Fox,126.5,276.9,2012,403.4
745,Snow White and the Huntsman,Uni.,155.3,241.3,2012,396.6
746,Taken 2,Fox,139.9,236.3,2012,376.2
747,Hotel Transylvania,Sony,148.3,210.1,2012,358.4
748,Dr. Seuss' The Lorax,Uni.,214.0,134.8,2012,348.8
749,Titanic 3D,Par.,57.9,285.7,2012,343.6
750,Journey 2: The Mysterious Island,WB (NL),103.9,231.4,2012,335.3
751,The Expendables 2,LGF,85.0,229.9,2012,314.9
752,Rise of the Guardians,P/DW,103.4,203.5,2012,306.9
753,Wrath of the Titans,WB,83.7,221.6,2012,305.3
754,Battleship,Uni.,65.4,237.6,2012,303.0
755,John Carter,BV,73.1,211.1,2012,284.2
756,The Bourne Legacy,Uni.,113.2,162.9,2012,276.1
757,Lincoln,BV,182.2,93.1,2012,275.3
758,Dark Shadows,WB,79.7,165.8,2012,245.5
759,Resident Evil: Retribution,SGem,42.3,197.7,2012,240.0
760,Silver Linings Playbook,Wein.,132.1,104.3,2012,236.4
761,American Reunion,Uni.,57.0,178.0,2012,235.0
762,Argo,WB,136.0,96.3,2012,232.3
763,Jack Reacher,Par.,80.1,138.3,2012,218.4
764,Safe House,Uni.,126.4,81.7,2012,208.1
765,21 Jump Street,Sony,138.4,63.1,2012,201.5
766,Total Recall (2012),Sony,58.9,139.6,2012,198.5
767,The Vow,SGem,125.0,71.1,2012,196.1
768,Mirror Mirror,Rela.,64.9,118.1,2012,183.0
769,The Impossible,LG/S,19.0,161.3,2012,180.3
770,The Dictator,Par.,59.7,119.7,2012,179.4
771,Looper,TriS,66.5,110.0,2012,176.5
772,Magic Mike,WB,113.7,53.5,2012,167.2
773,Flight,Par.,93.8,68.0,2012,161.8
774,Underworld Awakening,SGem,62.3,97.8,2012,160.1
775,This Means War,Fox,54.8,101.7,2012,156.5
776,The Secret World of Arrietty,BV,19.2,126.4,2012,145.6
777,Paranormal Activity 4,Par.,53.9,88.9,2012,142.8
778,Step Up Revolution,LG/S,35.1,105.4,2012,140.5
779,The Best Exotic Marigold Hotel,FoxS,46.4,90.4,2012,136.8
780,Zero Dark Thirty,Sony,95.7,37.1,2012,132.8
781,Ghost Rider: Spirit of Vengeance,Sony,51.8,80.8,2012,132.6
782,Cloud Atlas,WB,27.1,103.4,2012,130.5
783,The Woman in Black,CBS,54.3,73.4,2012,127.7
784,Chronicle (2012),Fox,64.599999,62.1,2012,126.699999
785,The Pirates! Band of Misfits,Sony,31.1,92.0,2012,123.1
786,Parental Guidance,Fox,77.3,42.5,2012,119.8
787,Abraham Lincoln: Vampire Hunter,Fox,37.5,79.0,2012,116.5
788,Pitch Perfect,Uni.,65.0,50.3,2012,115.3
789,Hope Springs,Sony,63.5,50.7,2012,114.2
790,ParaNorman,Focus,56.0,51.1,2012,107.1
791,The Campaign,WB,86.9,18.0,2012,104.9
792,Let the Bullets Fly,Vari.,0.063,104.3,2012,104.363
793,Star Wars: Episode I - The Phantom Menace (in 3D),Fox,43.5,59.3,2012,102.8
794,Project X,WB,54.7,48.0,2012,102.7
795,The Devil Inside,Par.,53.3,48.5,2012,101.8
796,The Lucky One,WB,60.5,38.9,2012,99.4
797,Contraband,Uni.,66.5,29.7,2012,96.2
798,Think Like a Man,SGem,91.5,4.5,2012,96.0
799,This Is 40,Uni.,67.5,20.5,2012,88.0
800,The Inbetweeners Movie,WHE,0.036,88.0,2012,88.036
801,The Possession,LGF,49.1,36.3,2012,85.4
802,What to Expect When You're Expecting,LGF,41.2,43.2,2012,84.4
803,The Thieves,WGUSA,0.686,82.8,2012,83.486
804,Savages (2012),Uni.,47.4,35.6,2012,83.0
805,Frankenweenie,BV,35.3,46.2,2012,81.5
806,Act of Valor,Rela.,70.0,11.3,2012,81.3
807,Masquerade (2012),CJ,0.923,79.8,2012,80.723
808,Sinister,LG/S,48.1,29.6,2012,77.7
809,The Grey,ORF,51.6,25.7,2012,77.3
810,Diary of a Wimpy Kid: Dog Days,Fox,49.0,28.1,2012,77.1
811,To Rome with Love,SPC,16.7,56.6,2012,73.3
812,Here Comes the Boom,Sony,45.3,27.8,2012,73.1
813,Finding Nemo (3D),BV,41.1,28.2,2012,69.3
814,Anna Karenina,Focus,12.8,56.1,2012,68.9
815,The Watch,Fox,35.4,32.9,2012,68.3
816,Moonrise Kingdom,Focus,45.5,22.8,2012,68.3
817,Tyler Perry's Madea's Witness Protection,LGF,65.7,1.2,2012,66.9
818,The Cabin in the Woods,LGF,42.1,24.4,2012,66.5
819,Beauty and the Beast (3D),BV,47.6,14.4,2012,62.0
820,Rock of Ages,WB (NL),38.5,20.9,2012,59.4
821,That's My Boy,Sony,36.9,20.8,2012,57.7
822,The Odd Life of Timothy Green,BV,51.9,4.2,2012,56.1
823,The Three Stooges,Fox,44.3,10.5,2012,54.8
824,The Five-Year Engagement,Uni.,28.8,25.1,2012,53.9
825,Lawless,Wein.,37.4,16.3,2012,53.7
826,Silent Hill: Revelation 3D,ORF,17.5,34.8,2012,52.3
827,Red Tails,Fox,49.9,0.489,2012,50.389
828,"Monsters, Inc. (3D)",BV,34.0,16.2,2012,50.2
829,Trouble with the Curve,WB,35.8,13.2,2012,49.0
830,Little White Lies,MPI,0.206,48.3,2012,48.506
831,End of Watch,ORF,41.0,7.1,2012,48.1
832,Man on a Ledge,LG/S,18.6,27.6,2012,46.2
834,House at the End of The Street,Rela.,31.6,12.7,2012,44.3
835,The Guilt Trip,Par.,37.1,4.7,2012,41.8
836,A Werewolf Boy,CJ,0.343,41.3,2012,41.643
837,Safe (2012),LGF,17.1,23.2,2012,40.3
838,Killing Them Softly,Wein.,15.0,22.9,2012,37.9
839,Chernobyl Diaries,WB,18.1,19.0,2012,37.1
840,One For the Money,LGF,26.4,10.5,2012,36.9
841,Dredd,LGF,13.4,22.2,2012,35.6
842,Tyler Perry's Good Deeds,LGF,35.0,0.553,2012,35.553
843,Arbitrage,RAtt.,7.9,27.6,2012,35.5
844,Chimpanzee,BV,29.0,5.9,2012,34.9
845,Alex Cross,LG/S,25.9,8.7,2012,34.6
846,Salmon Fishing in the Yemen,CBS,9.0,25.5,2012,34.5
847,Fetih 1453: The Conquest of Constantinople,NeoC,0.0357,34.4,2012,34.4357
848,Cirque Du Soleil: Worlds Away,Par.,12.5,21.6,2012,34.1
849,The Perks of Being a Wallflower,LG/S,17.7,15.6,2012,33.3
850,Haywire,Rela.,18.9,14.4,2012,33.3
851,Katy Perry: Part of Me,Par.,25.3,7.4,2012,32.7
852,Lockout,FD,14.3,17.9,2012,32.2
853,Joyful Noise,WB,30.9,0.226,2012,31.126
854,Premium Rush,Sony,20.3,10.8,2012,31.1
855,The Raven,Rela.,16.0,13.6,2012,29.6
856,Rowdy Rathore,UTV,0.777,28.6,2012,29.377
857,Dragon (2012),RTWC,0.0111,29.1,2012,29.1111
858,Bol Bachchan,FIP,1.2,27.6,2012,28.8
859,The Master,Wein.,16.399999,11.9,2012,28.299999
860,Rust and Bone,SPC,2.1,23.7,2012,25.8
861,Big Miracle,Uni.,20.2,4.6,2012,24.8
862,Sparkle (2012),TriS,24.4,0.24,2012,24.64
863,To the Arctic (IMAX),WB,14.6,9.1,2012,23.7
864,Hitchcock,FoxS,6.0,17.6,2012,23.6
865,A Thousand Words,P/DW,18.5,3.6,2012,22.1
866,Wanderlust,Uni.,17.5,4.2,2012,21.7
867,Beasts of the Southern Wild,FoxS,12.8,8.3,2012,21.1
868,Polisse,IFC,0.211,20.2,2012,20.411
869,Amour,SPC,6.7,13.1,2012,19.8
870,The Man with the Iron Fists,Uni.,15.6,4.099999,2012,19.699999
872,Seven Psychopaths,CBS,15.0,4.4,2012,19.4
873,Gone,LG/S,11.7,6.4,2012,18.1
874,Norwegian Wood,RF,0.013,17.6,2012,17.613
875,The Cold Light of Day,LG/S,3.8,13.1,2012,16.9
876,My Way (2012),CJ,0.0702,16.5,2012,16.5702
877,Tomorrow When the War Began,Free,0.0049,16.5,2012,16.5049
878,We Have a Pope,IFC,0.548,15.6,2012,16.148
879,Headhunters,Magn.,1.2,14.5,2012,15.7
880,Hit and Run,ORF,13.7,0.704,2012,14.404
881,War of the Buttons (2012),Wein.,0.0478,13.8,2012,13.8478
882,Red Lights (2012),MNE,0.0526,13.5,2012,13.5526
883,The Words,CBS,11.5,1.7,2012,13.2
885,Silent House,ORF,12.8,0.347,2012,13.147
886,Friends with Kids,RAtt.,7.3,5.8,2012,13.1
887,The Well-Digger's Daughter,KL,0.386,12.2,2012,12.586
888,Klown,Drft.,0.0688,12.4,2012,12.4688
890,Seeking Justice,Anch.,0.412,11.9,2012,12.312
891,Bachelorette,RTWC,0.448,11.5,2012,11.948
892,This Must Be the Place,Wein.,0.144,11.6,2012,11.744
893,Fun Size,Par.,9.4,2.0,2012,11.4
894,Rec 3: Genesis,Magn.,0.0096,10.1,2012,10.1096
895,Delicacy,Cohen,0.499,9.2,2012,9.699
896,Seeking a Friend for the End of the World,Focus,7.1,2.6,2012,9.7
897,The Apparition,WB,4.9,4.7,2012,9.6
898,For Greater Glory,ArcEnt,5.7,4.0,2012,9.7
899,Hysteria,SPC,1.8,7.7,2012,9.5
901,The Sessions,FoxS,6.0,3.1,2012,9.1
902,Ruby Sparks,FoxS,2.5,6.6,2012,9.1
903,Hyde Park on Hudson,Focus,6.4,2.5,2012,8.9
904,On the Road,IFC,0.744,8.0,2012,8.744
905,Boy (2012),PalUni,0.256,8.4,2012,8.656
906,Piranha 3DD,W/Dim.,0.377,8.1,2012,8.477
907,Easy Money (2012),Wein.,0.206,8.199999,2012,8.405999
908,Space Dogs 3D,EpicPics,0.0144,8.3,2012,8.3144
909,Bel Ami,Magn.,0.12,8.199999,2012,8.319999
910,Promised Land (2012),Focus,7.6,0.541,2012,8.141
911,Iron Sky,EOne,0.122,8.0,2012,8.122
912,Casa De Mi Padre,LGF,5.9,2.1,2012,8.0
913,Heroine,UTV,0.599,7.4,2012,7.999
914,A Royal Affair,Magn.,1.5,6.0,2012,7.5
915,All Together,KL,0.0432,7.2,2012,7.2432
916,My Worst Nightmare,Strand,0.022,7.1,2012,7.122
918,Monsieur Lazhar (U.S.-only),MBox,2.0,4.6,2012,6.6
919,Goon,Magn.,4.2,2.3,2012,6.5
920,Cosmopolis,EOne,0.764,5.3,2012,6.064
921,Chasing Mavericks,Fox,6.0,0.0006,2012,6.0006
922,Declaration of War,IFC,0.0591,5.8,2012,5.8591
923,Puella Magi Madoka Magica the Movie,Elev.,0.18,5.6,2012,5.78
924,Albert Nobbs,RAtt.,3.0,2.6,2012,5.6
925,In Darkness,SPC,1.0,4.5,2012,5.5
927,Farewell My Queen,Cohen,1.6,3.7,2012,5.3
929,Girl in Progress,LGF,2.6,2.0,2012,4.6
930,"Jeff, Who Lives at Home",ParV,4.3,0.148,2012,4.448
931,Barbara,AF,1.0,3.1,2012,4.1
935,Nitro Circus the Movie 3D,ArcEnt,3.4,0.526,2012,3.926
937,The Lady,Cohen,0.355,3.4,2012,3.755
938,Branded,RAtt.,0.354,3.4,2012,3.754
939,The Rabbi's Cat,GK,0.0234,3.7,2012,3.7234
941,Killer Joe,LD,2.0,1.7,2012,3.7
942,Hara-Kiri: Death of a Samurai,Trib.,0.0757,3.4,2012,3.4757
947,Intruders,MNE,0.0691,2.9,2012,2.9691
950,A Simple Life,CL,0.192,2.6,2012,2.792
952,Simon and the Oaks,TFA,0.151,2.4,2012,2.551
955,Kid With a Bike,IFC,1.5,1.0,2012,2.5
958,Chico & Rita,GK,0.351,1.9,2012,2.251
959,Stolen (2012),MNE,0.304,1.8,2012,2.104
961,The Imposter,IM,0.898,1.1,2012,1.998
963,The Day I Saw Your Heart,FM,0.0035,2.0,2012,2.0035
967,Tales of the Night,GK,0.011,1.7,2012,1.711
968,Beloved (2012),IFC,0.138,1.5,2012,1.638
969,360,Magn.,0.1,1.6,2012,1.7
970,2 Days in New York,Magn.,0.633,1.0,2012,1.633
972,Hermano,MBox,0.0299,1.6,2012,1.6299
973,Lay the Favorite,RTWC,0.021,1.6,2012,1.621
974,Soldiers of Fortune,RAtt.,0.0389,1.5,2012,1.5389
976,I Wish,Magn.,0.146,1.4,2012,1.546
977,The Salt of Life,Zeit.,0.317,1.2,2012,1.517
978,Chicken with Plums,SPC,0.254,1.2,2012,1.454
980,The Paperboy,MNE,0.693,0.661,2012,1.354
982,Unforgivable,Strand,0.154,1.2,2012,1.354
983,A Little Bit of Heaven,MNE,0.0154,1.3,2012,1.3154
985,Meerkats,NGE,0.778,0.482,2012,1.26
989,Once Upon a Time in Anatolia,CGld,0.152,1.0,2012,1.152
992,Coriolanus,Wein.,0.757,0.315,2012,1.072
997,Elles,KL,0.158,0.754,2012,0.912
998,W.E.,Wein.,0.583,0.285,2012,0.868
999,Breathing,KL,0.0046,0.803,2012,0.8076
1007,Free Men,FM,0.0538,0.564,2012,0.6178
1010,Sister (2012),AF,0.155,0.4,2012,0.555
1015,Bully (2012),Wein.,0.279,0.182,2012,0.461
1018,Apartment 143,Magn.,0.0004,0.426,2012,0.4264
1022,Universal Soldier: Day of Reckoning,Magn.,0.0055,0.364,2012,0.3695
1041,17 Girls,Strand,0.0151,0.186,2012,0.2011
1046,Butter,RTWC,0.105,0.0707,2012,0.1757
1047,Kill List,IFC,0.0291,0.143,2012,0.1721
1059,Toys in the Attic,Hann.,0.0649,0.0616,2012,0.1265
1074,Wagner & Me,FRun,0.0377,0.041,2012,0.0787
1080,Attenberg,Strand,0.024,0.0459,2012,0.0699
1088,North Sea Texas,Strand,0.0283,0.0167,2012,0.045
1110,Cirkus Columbia,Strand,0.0035,0.0095,2012,0.013
1127,Frozen,BV,400.7,875.7,2013,1276.4
1128,Iron Man 3,BV,409.0,805.8,2013,1214.8
1129,Despicable Me 2,Uni.,368.1,602.7,2013,970.8
1130,The Hobbit: The Desolation of Smaug,WB (NL),258.399999,700.0,2013,958.399999
1131,The Hunger Games: Catching Fire,LGF,424.7,440.3,2013,865.0
1132,Fast & Furious 6,Uni.,238.7,550.0,2013,788.7
1133,Monsters University,BV,268.5,475.7,2013,744.2
1134,Gravity,WB,274.1,449.1,2013,723.2
1135,Man of Steel,WB,291.0,377.0,2013,668.0
1136,Thor: The Dark World,BV,206.4,438.2,2013,644.6
1137,The Croods,Fox,187.2,400.0,2013,587.2
1138,World War Z,Par.,202.4,337.6,2013,540.0
1139,Oz The Great and Powerful,BV,234.9,258.399999,2013,493.299999
1140,Star Trek Into Darkness,Par.,228.8,238.6,2013,467.4
1141,The Wolverine,Fox,132.6,282.3,2013,414.9
1142,Pacific Rim,WB,101.8,309.2,2013,411.0
1143,The Wolf of Wall Street,Par.,116.9,275.1,2013,392.0
1144,G.I. Joe: Retaliation,Par.,122.5,253.2,2013,375.7
1145,The Hangover Part III,WB,112.2,249.8,2013,362.0
1146,The Great Gatsby (2013),WB,144.8,208.8,2013,353.6
1147,Now You See Me,LG/S,117.7,234.0,2013,351.7
1148,The Smurfs 2,Sony,71.0,276.5,2013,347.5
1149,The Conjuring,WB (NL),137.4,182.1,2013,319.5
1150,A Good Day to Die Hard,Fox,67.3,237.3,2013,304.6
1151,Oblivion,Uni.,89.1,197.1,2013,286.2
1152,Elysium,TriS,93.1,193.1,2013,286.2
1153,Turbo,Fox,83.0,199.5,2013,282.5
1154,Cloudy with a Chance of Meatballs 2,Sony,119.8,154.5,2013,274.3
1155,We're the Millers,WB (NL),150.4,119.6,2013,270.0
1156,Epic,Fox,107.5,160.9,2013,268.4
1157,The Lone Ranger,BV,89.3,171.2,2013,260.5
1158,American Hustle,Sony,150.1,101.1,2013,251.2
1159,Grown Ups 2,Sony,133.699999,113.3,2013,246.999999
1160,After Earth,Sony,60.5,183.3,2013,243.8
1161,Planes,BV,90.3,149.0,2013,239.3
1162,The Heat,Fox,159.6,70.3,2013,229.9
1163,Hansel and Gretel: Witch Hunters,Par.,55.7,170.6,2013,226.3
1164,Captain Phillips,Sony,107.1,111.7,2013,218.8
1165,White House Down,Sony,73.1,132.3,2013,205.4
1166,Percy Jackson: Sea of Monsters,Fox,68.6,131.3,2013,199.9
1167,Lost in Thailand,WAMCR,0.0574,197.7,2013,197.7574
1168,Jack the Giant Slayer,WB (NL),65.2,132.5,2013,197.7
1169,The Secret Life of Walter Mitty,Fox,58.2,129.9,2013,188.1
1170,12 Years a Slave,FoxS,56.7,131.1,2013,187.8
1171,Lee Daniels' The Butler,Wein.,116.6,60.0,2013,176.6
1172,Identity Thief,Uni.,134.5,39.5,2013,174.0
1173,Anchorman 2: The Legend Continues,Par.,125.2,46.3,2013,171.5
1174,Olympus Has Fallen,FD,98.9,71.3,2013,170.2
1175,Insidious Chapter 2,FD,83.6,78.3,2013,161.9
1176,Lone Survivor,Uni.,125.1,29.7,2013,154.8
1177,Jackass Presents: Bad Grandpa,Par.,102.0,49.8,2013,151.8
1178,47 Ronin,Uni.,38.4,113.4,2013,151.8
1179,Red 2,LG/S,53.3,94.8,2013,148.1
1180,Mama,Uni.,71.6,74.8,2013,146.4
1181,Escape Plan,LG/S,25.1,112.2,2013,137.3
1182,Last Vegas,CBS,63.9,70.5,2013,134.4
1183,2 Guns,Uni.,75.6,56.3,2013,131.9
1184,Walking with Dinosaurs,Fox,36.1,90.5,2013,126.6
1185,This is the End,Sony,101.5,24.6,2013,126.1
1186,Ender's Game,LG/S,61.7,63.8,2013,125.5
1187,Prisoners,WB,61.0,61.1,2013,122.1
1188,Saving Mr. Banks,BV,83.3,34.6,2013,117.9
1189,Warm Bodies,LG/S,66.4,50.6,2013,117.0
1190,Jurassic Park 3D,Uni.,45.4,71.1,2013,116.5
1191,Personal Tailor,CL,0.376,115.8,2013,116.176
1192,Free Birds,Rela.,55.8,54.6,2013,110.4
1193,Gangster Squad,WB,46.0,59.2,2013,105.2
1194,Philomena,Wein.,37.7,62.4,2013,100.1
1195,Instructions Not Included,LGF,44.5,54.6,2013,99.1
1196,Riddick,Uni.,42.0,56.3,2013,98.3
1197,Safe Haven,Rela.,71.3,26.2,2013,97.5
1198,Evil Dead (2013),TriS,54.2,43.3,2013,97.5
1199,Blue Jasmine,SPC,33.4,64.099999,2013,97.499999
1200,The Mortal Instruments: City of Bones,SGem,31.2,64.2,2013,95.4
1201,The Internship,Fox,44.7,48.8,2013,93.5
1202,Rush (2013),Uni.,26.9,63.3,2013,90.2
1203,The Purge,Uni.,64.5,24.9,2013,89.4
1204,Dhoom 3,Yash,8.0,80.0,2013,88.0
1205,About Time,Uni.,15.3,71.8,2013,87.1
1206,Pain and Gain,Par.,49.9,36.3,2013,86.2
1207,Carrie (2013),SGem,35.3,49.5,2013,84.8
1208,The Family (2013),Rela.,36.9,41.5,2013,78.4
1209,Scary Movie 5,W/Dim.,32.0,46.4,2013,78.4
1210,R.I.P.D.,Uni.,33.6,44.7,2013,78.3
1211,Tiny Times,CL,0.0235,77.7,2013,77.7235
1212,The Book Thief,Fox,21.5,55.1,2013,76.6
1213,Escape From Planet Earth,Wein.,57.0,17.6,2013,74.6
1214,August: Osage County,Wein.,37.7,36.5,2013,74.2
1215,The Best Man Holiday,Uni.,70.5,2.3,2013,72.8
1216,Young Detective Dee: Rise of the Sea Dragon,WAMCR,0.0878,72.2,2013,72.2878
1217,The Counselor,Fox,17.0,54.0,2013,71.0
1218,The Call,TriS,51.9,16.7,2013,68.6
1219,One Direction: This is Us,TriS,28.9,39.7,2013,68.6
1220,The Grandmaster,Wein.,6.6,57.5,2013,64.1
1221,Side Effects (2013),ORF,32.2,31.2,2013,63.4
1222,The Host (2013),ORF,26.6,36.7,2013,63.3
1223,Runner Runner,Fox,19.3,43.4,2013,62.7
1224,From Up on Poppy Hill,GK,1.0,60.0,2013,61.0
1225,Kick-Ass 2,Uni.,28.8,32.0,2013,60.8
1226,A Haunted House,ORF,40.0,20.1,2013,60.1
1227,Beautiful Creatures (2013),WB,19.5,40.6,2013,60.1
1228,Quartet,Wein.,18.4,41.1,2013,59.5
1229,Dallas Buyers Club,Focus,27.3,27.9,2013,55.2
1230,The Face Reader,PM&E,0.516,54.1,2013,54.616
1231,Tyler Perry's A Madea Christmas,LGF,52.5,0.853,2013,53.353
1232,Tyler Perry's Temptation: Confessions of a Marriage Counselor,LGF,52.0,1.2,2013,53.2
1233,Delivery Man,BV,30.7,19.3,2013,50.0
1234,The Berlin File,CJ,0.665,48.3,2013,48.965
1235,The Last Stand,LGF,12.1,36.3,2013,48.4
1236,21 and Over,Rela.,25.7,22.4,2013,48.1
1237,Her (2013),WB,25.6,21.8,2013,47.4
1238,Tiny Times 2,CL,0.0438,47.2,2013,47.2438
1239,Texas Chainsaw 3D,LGF,34.3,12.9,2013,47.2
1240,The Big Wedding,LGF,21.8,24.7,2013,46.5
1241,Parker,FD,17.6,28.6,2013,46.2
1242,The World's End,Focus,26.0,20.1,2013,46.1
1243,Grudge Match,WB,29.8,15.1,2013,44.9
1244,Homefront,ORF,20.2,22.9,2013,43.1
1246,Jobs,ORF,16.1,19.8,2013,35.9
1247,The Place Beyond the Pines,Focus,21.4,14.1,2013,35.5
1248,Inside Llewyn Davis,CBS,13.2,19.7,2013,32.9
1249,Mud,RAtt.,21.6,11.0,2013,32.6
1250,Movie 43,Rela.,8.8,23.6,2013,32.4
1251,Kevin Hart: Let Me Explain,LG/S,32.2,0.074,2013,32.274
1252,Spring Breakers,A24,14.1,17.6,2013,31.7
1253,New World (2013),WGUSA,0.458,31.2,2013,31.658
1254,Don Jon,Rela.,24.5,6.0,2013,30.5
1255,I Give It a Year,Magn.,0.0347,28.2,2013,28.2347
1256,Nebraska,Par.,17.7,10.0,2013,27.7
1257,The Incredible Burt Wonderstone,WB (NL),22.5,4.9,2013,27.4
1258,Mandela: Long Walk to Freedom,Wein.,8.3,19.0,2013,27.3
1259,Khumba,MNE,0.001,27.2,2013,27.201
1260,Dark Skies,W/Dim.,17.4,9.0,2013,26.4
1261,Enough Said,FoxS,17.6,7.7,2013,25.3
1262,Trance,FoxS,2.3,21.9,2013,24.2
1263,"The Way, Way Back",FoxS,21.5,1.7,2013,23.2
1264,Kon-Tiki,Wein.,1.5,21.3,2013,22.8
1265,Baggage Claim,FoxS,21.6,0.887,2013,22.487
1266,Diana,EOne,0.335,21.4,2013,21.735
1267,The Great Beauty,Jan.,2.9,18.5,2013,21.4
1269,The Sapphires,Wein.,2.5,18.0,2013,20.5
1271,The Company You Keep,SPC,5.1,14.5,2013,19.6
1272,The Bling Ring,A24,5.8,13.3,2013,19.1
1274,Dead Man Down,FD,10.9,7.2,2013,18.1
1276,Fruitvale Station,Wein.,16.1,1.3,2013,17.4
1277,Battle of the Year,SGem,8.9,7.7,2013,16.6
1278,Out of the Furnace,Rela.,11.3,4.3,2013,15.6
1279,Billy and Buddy,Distrib.,0.0009,15.2,2013,15.2009
1281,Machete Kills,ORF,8.0,7.0,2013,15.0
1282,Journey to the South Pacific,Imax,7.6,6.5,2013,14.1
1283,Paranoia,Rela.,7.4,6.4,2013,13.8
1284,All Is Lost,RAtt.,6.3,7.4,2013,13.7
1285,Puella Magi Madoka Magica the Movie: Rebellion,Elev.,0.376,12.6,2013,12.976
1286,Stoker,FoxS,1.7,10.4,2013,12.1
1287,In the House,Cohen,0.39,11.5,2013,11.89
1288,I'm So Excited,SPC,1.4,10.4,2013,11.8
1289,Haute Cuisine,Wein.,0.218,11.2,2013,11.418
1290,Before Midnight,SPC,8.1,3.1,2013,11.2
1291,Only God Forgives,RTWC,0.779,9.9,2013,10.679
1292,The Past,SPC,1.3,9.3,2013,10.6
1293,Love is All You Need,SPC,1.6,8.4,2013,10.0
1295,Tyler Perry Presents Peeples,LGF,9.2,0.13,2013,9.33
1296,Jerusalem,NGE,8.0,1.3,2013,9.3
1297,The Fifth Estate,BV,3.3,5.3,2013,8.6
1298,Upside Down,MNE,0.105,8.0,2013,8.105
1299,Metallica Through the Never,PH,3.4,4.6,2013,8.0
1300,Pulling Strings,LGF,5.8,2.0,2013,7.8
1301,Black Nativity,FoxS,7.0,0.436,2013,7.436
1302,Blue Is the Warmest Color,IFC,2.2,5.2,2013,7.4
1303,Unfinished Song,Wein.,1.7,5.3,2013,7.0
1304,The Angels' Share,IFC,0.347,6.7,2013,7.047
1306,The Sweeney,EOne,0.0267,6.3,2013,6.3267
1310,Populaire,Wein.,0.179,5.3,2013,5.479
1311,Broken Circle Breakdown,Trib.,0.175,5.3,2013,5.475
1312,Fists of Legend,CJ,0.134,5.3,2013,5.434
1315,Oldboy (2013),FD,2.2,2.7,2013,4.9
1316,Commitment,WGUSA,0.0765,4.5,2013,4.5765
1317,White Elephant,Strand,0.0089,4.4,2013,4.4089
1320,You Will Be My Son,Cohen,0.285,3.6,2013,3.885
1322,Pieta,Drft.,0.0221,3.6,2013,3.6221
1323,Mental,Da.,0.0177,3.6,2013,3.6177
1324,The To-Do List,CBS,3.5,0.0746,2013,3.5746
1325,Mr. Nobody,Magn.,0.0036,3.5,2013,3.5036
1330,Capital,Cohen,0.102,2.4,2013,2.502
1331,The East,FoxS,2.3,0.0997,2013,2.3997
1336,Reality (2013),Osci.,0.0726,2.2,2013,2.2726
1339,The Sorcerer and the White Snake,Magn.,0.0188,2.1,2013,2.1188
1344,Starbuck (U.S. only),E1,0.34,1.3,2013,1.64
1346,Therese,MPI,0.102,1.5,2013,1.602
1348,Lovelace,RTWC,0.357,1.2,2013,1.557
1355,Violeta Went to Heaven,KL,0.0215,1.2,2013,1.2215
1358,The Wall (2013),MBox,0.0387,1.1,2013,1.1387
1362,Ain't Them Bodies Saints,IFC,0.397,0.635,2013,1.032
1370,The Monk,ATO,0.0135,0.794,2013,0.8075
1374,Salinger,Wein.,0.584,0.067,2013,0.651
1381,You Ain't Seen Nothin' Yet,KL,0.0189,0.488,2013,0.5069
1385,Shadow Dancer,Magn.,0.101,0.319,2013,0.42
1390,Tai Chi Hero,WGUSA,0.0351,0.347,2013,0.3821
1395,A Bottle in the Gaza Sea,FM,0.0059,0.306,2013,0.3119
1400,The Silence,MBox,0.1,0.132,2013,0.232
1477,Transformers: Age of Extinction,Par.,245.4,858.6,2014,1104.0
1478,The Hobbit: The Battle of the Five Armies,WB (NL),255.1,700.9,2014,956.0
1479,Guardians of the Galaxy,BV,333.2,440.2,2014,773.4
1480,Maleficent,BV,241.4,517.1,2014,758.5
1481,The Hunger Games: Mockingjay - Part 1,LGF,337.1,418.2,2014,755.3
1482,X-Men: Days of Future Past,Fox,233.9,513.9,2014,747.8
1483,Captain America: The Winter Soldier,BV,259.8,454.5,2014,714.3
1484,Dawn of the Planet of the Apes,Fox,208.5,502.1,2014,710.6
1485,The Amazing Spider-Man 2,Sony,202.9,506.1,2014,709.0
1486,Interstellar,Par.,188.0,489.4,2014,677.4
1487,Big Hero 6,BV,222.5,435.3,2014,657.8
1488,How to Train Your Dragon 2,Fox,177.0,444.5,2014,621.5
1489,American Sniper,WB,350.1,197.3,2014,547.4
1490,Godzilla (2014),WB,200.7,328.4,2014,529.1
1491,Rio 2,Fox,131.5,368.6,2014,500.1
1492,Teenage Mutant Ninja Turtles (2014),Par.,191.2,302.1,2014,493.3
1493,The LEGO Movie,WB,257.8,211.4,2014,469.2
1494,Lucy,Uni.,126.7,336.7,2014,463.4
1495,Penguins of Madagascar,Fox,83.4,289.7,2014,373.1
1496,Edge of Tomorrow,WB,100.2,270.3,2014,370.5
1497,Gone Girl,Fox,167.8,201.6,2014,369.4
1498,Night at the Museum: Secret of the Tomb,Fox,113.7,249.5,2014,363.2
1499,Noah,Par.,101.2,261.399999,2014,362.599999
1500,The Maze Runner,Fox,102.4,245.9,2014,348.3
1501,300: Rise of An Empire,WB,106.6,231.0,2014,337.6
1502,22 Jump Street,Sony,191.7,139.6,2014,331.3
1503,The Fault in our Stars,Fox,124.9,182.3,2014,307.2
1504,Divergent,LG/S,150.9,137.9,2014,288.8
1505,Mr. Peabody & Sherman,Fox,111.5,164.2,2014,275.7
1506,Neighbors,Uni.,150.2,120.5,2014,270.7
1507,Exodus: Gods and Kings,Fox,65.0,203.2,2014,268.2
1508,Annabelle,WB (NL),84.3,172.8,2014,257.1
1509,Hercules (2014),Par.,72.7,172.1,2014,244.8
1510,RoboCop (2014),Sony,58.6,184.1,2014,242.7
1511,The Imitation Game,Wein.,91.1,142.4,2014,233.5
1512,Non-Stop,Uni.,92.2,130.6,2014,222.8
1513,Dracula Untold,Uni.,56.3,160.8,2014,217.1
1514,The Expendables 3,LGF,39.3,175.3,2014,214.6
1515,Into the Woods,BV,128.0,85.1,2014,213.1
1516,Fury (2014),Sony,85.8,126.0,2014,211.8
1517,Journey to the West,Magn.,0.0181,205.6,2014,205.6181
1518,Need for Speed,BV,43.6,159.7,2014,203.3
1519,The Other Woman (2014),Fox,83.9,112.8,2014,196.7
1520,The Equalizer,Sony,101.5,90.8,2014,192.3
1521,Breakup Buddies,CL,0.778,188.2,2014,188.978
1522,The Grand Budapest Hotel,FoxS,59.3,115.5,2014,174.8
1523,Dumb and Dumber To,Uni.,86.2,83.6,2014,169.8
1524,Unbroken,Uni.,115.6,47.8,2014,163.4
1525,Into The Storm,WB (NL),47.6,114.1,2014,161.7
1526,The Monuments Men,Sony,78.0,77.0,2014,155.0
1527,Ride Along,Uni.,134.9,19.5,2014,154.4
1528,Planes: Fire & Rescue,BV,59.2,92.2,2014,151.4
1529,Let's Be Cops,Fox,82.4,55.8,2014,138.2
1530,Jack Ryan: Shadow Recruit,Par.,50.6,84.9,2014,135.5
1531,Annie (2014),Sony,85.9,47.9,2014,133.8
1532,Blended,WB,46.3,81.7,2014,128.0
1533,Sex Tape,Sony,38.5,87.5,2014,126.0
1534,The Theory of Everything,Focus,35.9,87.8,2014,123.7
1535,The Nut Job,ORF,64.3,56.6,2014,120.9
1536,The Wind Rises,BV,5.2,112.7,2014,117.9
1537,Pompeii,TriS,23.2,94.6,2014,117.8
1538,The Admiral: Roaring Currents,CJ,2.6,109.6,2014,112.2
1539,The Purge: Anarchy,Uni.,72.0,40.0,2014,112.0
1540,The Boxtrolls,Focus,50.8,58.4,2014,109.2
1541,Horrible Bosses 2,WB,54.4,53.2,2014,107.6
1542,Ouija,Uni.,50.9,52.7,2014,103.6
1543,Birdman,FoxS,42.3,60.9,2014,103.2
1544,Transcendence,WB,23.0,80.0,2014,103.0
1545,"Alexander and the Terrible, Horrible, No Good, Very Bad Day",BV,67.0,34.4,2014,101.4
1546,Heaven is for Real,TriS,91.4,9.9,2014,101.3
1547,Tammy,WB (NL),84.5,16.0,2014,100.5
1548,P.K.,UTV,10.6,89.8,2014,100.4
1549,The Book of Life (2014),Fox,50.2,49.6,2014,99.8
1550,Paranormal Activity: The Marked Ones,Par.,32.5,58.4,2014,90.9
1551,The Hundred-Foot Journey,BV,54.2,34.6,2014,88.8
1552,John Wick,LG/S,43.0,45.7,2014,88.7
1553,Deliver Us From Evil,SGem,30.6,57.4,2014,88.0
1554,A Million Ways to Die in the West,Uni.,43.1,44.1,2014,87.2
1555,Snowpiercer,RTWC,4.6,82.2,2014,86.8
1556,Step Up All In,LG/S,14.9,71.3,2014,86.2
1557,The Judge,WB,47.1,37.3,2014,84.4
1558,Muppets Most Wanted,BV,51.2,29.2,2014,80.4
1559,If I Stay,WB (NL),50.5,28.4,2014,78.9
1560,"I, Frankenstein",LGF,19.1,52.1,2014,71.2
1561,The Attorney,WGUSA,0.557,70.0,2014,70.557
1562,Think Like a Man Too,SGem,65.2,5.0,2014,70.2
1563,Brick Mansions,Rela.,20.4,48.5,2014,68.9
1564,Stalingrad (2014),Sony,1.0,67.099999,2014,68.099999
1565,Son of God,Fox,59.7,8.1,2014,67.8
1566,Jersey Boys,WB,47.0,20.6,2014,67.6
1567,The Giver,Wein.,45.1,21.9,2014,67.0
1568,Selma,Par.,52.1,14.7,2014,66.8
1569,God's Not Dead,Free,60.8,3.9,2014,64.7
1570,Thunder and the House of Magic!,Shout!,0.0041,64.2,2014,64.2041
1571,Begin Again,Wein.,16.2,47.3,2014,63.5
1572,The Legend of Hercules,LG/S,18.8,42.4,2014,61.2
1573,Evangelion: 3.0 You Can (Not) Redo,Elev.,0.175,60.3,2014,60.475
1574,Dolphin Tale 2,WB,42.0,15.8,2014,57.8
1575,St. Vincent,Wein.,44.1,10.7,2014,54.8
1576,No Good Deed (2014),SGem,52.5,1.8,2014,54.3
1577,A Walk Among the Tombstones,Uni.,26.3,26.9,2014,53.2
1578,3 Days to Kill,Rela.,30.7,21.9,2014,52.6
1579,Wild (2014),FoxS,37.9,14.6,2014,52.5
1580,Magic in the Moonlight,SPC,10.5,40.5,2014,51.0
1581,Dragon Ball Z: Battle of Gods,SV,2.6,47.8,2014,50.4
1582,About Last Night (2014),SGem,48.6,0.365,2014,48.965
1583,Whiplash,SPC,13.1,35.9,2014,49.0
1584,Chef,ORF,31.4,14.5,2014,45.9
1585,Earth to Echo,Rela.,38.9,6.4,2014,45.3
1586,Boyhood,IFC,25.4,19.1,2014,44.5
1587,Oculus,Rela.,27.7,16.3,2014,44.0
1588,Bang Bang,FIP,2.5,39.5,2014,42.0
1589,As Above/So Below,Uni.,21.3,20.6,2014,41.9
1590,This is Where I Leave You,WB,34.3,7.0,2014,41.3
1591,That Awkward Moment,Focus,26.1,14.4,2014,40.5
1592,Frank Miller's Sin City: A Dame to Kill For,W/Dim.,13.8,25.6,2014,39.4
1593,The Gambler,Par.,33.7,5.6,2014,39.3
1594,Million Dollar Arm,BV,36.5,2.8,2014,39.3
1595,Nightcrawler,ORF,32.4,6.3,2014,38.7
1596,Devil's Due,Fox,15.8,21.1,2014,36.9
1597,A Most Wanted Man,RAtt.,17.2,19.0,2014,36.2
1598,The Best of Me,Rela.,26.8,9.2,2014,36.0
1599,Endless Love (2014),Uni.,23.4,11.3,2014,34.7
1600,Get On Up,Uni.,30.7,2.7,2014,33.4
1601,The November Man,Rela.,25.0,7.5,2014,32.5
1602,The Pirates,WGUSA,0.416,32.1,2014,32.516
1603,Winter's Tale,WB,12.6,18.5,2014,31.1
1605,Draft Day,LG/S,28.8,0.62,2014,29.42
1606,Big Eyes,Wein.,14.5,14.8,2014,29.3
1607,The Divine Move,CJ,0.137,27.8,2014,27.937
1608,Top Five,Par.,25.3,0.8,2014,26.1
1609,Iceman (2014),WGUSA,0.0077,26.0,2014,26.0077
1610,And So It Goes,CE,15.2,10.2,2014,25.4
1611,On the Other Side of the Tracks,Wein.,0.0096,25.1,2014,25.1096
1612,The Players,Wein.,0.0109,24.6,2014,24.6109
1613,The Tale of The Princess Kaguya,GK,0.703,23.5,2014,24.203
1614,A Haunted House 2,ORF,17.3,6.6,2014,23.9
1615,The Railway Man,Wein.,4.4,17.9,2014,22.3
1616,Mr. Turner,SPC,4.0,18.2,2014,22.2
1617,The Suspect (2014),WGUSA,0.219,21.4,2014,21.619
1618,Bears,BV,17.8,3.5,2014,21.3
1619,Yves Saint Laurent,Wein.,0.724,20.3,2014,21.024
1620,Labor Day,Par.,13.4,6.9,2014,20.3
1621,"Like Father, Like Son (2014)",IFC,0.335,19.6,2014,19.935
1622,Left Behind (2014),Free,14.0,5.7,2014,19.7
1623,Legends of Oz: Dorothy's Return,CE,8.5,10.2,2014,18.7
1624,The Drop,FoxS,10.7,7.9,2014,18.6
1625,The Quiet Ones,LGF,8.5,9.3,2014,17.8
1626,Sabotage (2014),ORF,10.5,7.0,2014,17.5
1628,Road to Ninja - Naruto the Movie,Elev.,0.0432,17.3,2014,17.3432
1629,Calvary,FoxS,3.6,13.3,2014,16.9
1630,The Pyramid,Fox,2.8,14.1,2014,16.9
1631,Tyler Perry's The Single Moms Club,LGF,16.0,0.364,2014,16.364
1632,Beyond Outrage,Magn.,0.0039,16.2,2014,16.2039
1633,Before I Go To Sleep,CE,3.2,12.2,2014,15.4
1634,Vampire Academy,Wein.,7.8,7.6,2014,15.4
1635,Inherent Vice,WB,8.1,6.6,2014,14.7
1636,Island of Lemurs: Madagascar (IMAX),WB,11.3,2.8,2014,14.1
1637,The Two Faces of January,Magn.,0.507,13.0,2014,13.507
1638,Fading Gigolo,MNE,3.8,9.6,2014,13.4
1640,A Most Violent Year,A24,5.7,6.3,2014,12.0
1641,The Interview (2014),Sony,6.1,5.2,2014,11.3
1642,One Chance,Wein.,0.101,10.8,2014,10.901
1643,Bicycling with Moliere,Strand,0.0599,10.7,2014,10.7599
1645,Wetlands,Strand,0.0595,10.5,2014,10.5595
1647,The Babadook,IFC,0.964,9.3,2014,10.264
1648,Nymphomaniac: Volume I,Magn.,0.786,9.5,2014,10.286
1649,Gladiators of Rome,VPD,0.0082,10.1,2014,10.1082
1650,Mood Indigo,Drft.,0.303,9.5,2014,9.803
1651,Alan Partridge: The Movie,Magn.,0.153,9.6,2014,9.753
1652,Venus in Fur,IFC,0.374,8.0,2014,8.374
1653,Filth,Magn.,0.0344,8.3,2014,8.3344
1654,What If (2014),CBS,3.5,4.4,2014,7.9
1655,Finding Fanny,FIP,0.616,7.1,2014,7.716
1656,Pride (2014),CBS,1.4,6.1,2014,7.5
1657,Chinese Puzzle,Cohen,0.339,7.1,2014,7.439
1658,A Long Way Down,Magn.,0.0133,7.2,2014,7.2133
1660,"Two Days, One Night",IFC,1.4,5.4,2014,6.8
1661,A Letter to Momo,GK,0.0717,6.7,2014,6.7717
1663,Le Chef,Cohen,0.343,5.9,2014,6.243
1664,Mas Negro Que La Noche,LGF,0.87,5.2,2014,6.07
1665,French Gigolo (Cliente),IFC,0.003,6.0,2014,6.003
1666,The Trip to Italy,IFC,2.9,3.0,2014,5.9
1667,The Immigrant,Wein.,2.0,3.8,2014,5.8
1668,Wish I Was Here,Focus,3.6,1.9,2014,5.5
1669,Under the Skin (2014),A24,2.6,2.8,2014,5.4
1671,The French Minister,IFC,0.012,5.1,2014,5.112
1672,Ernest & Celestine,GK,0.262,4.8,2014,5.062
1673,Tracks (2014),Wein.,0.51,4.4,2014,4.91
1674,The Love Punch,KE,0.267,4.5,2014,4.767
1678,Diplomacy,Zeit.,0.231,3.7,2014,3.931
1679,Horns,RTWC,0.174,3.7,2014,3.874
1682,Ragnarok,Magn.,0.0014,3.7,2014,3.7014
1683,Veronica Mars,WB,3.3,0.195,2014,3.495
1687,Enemy,A24,1.0,2.4,2014,3.4
1688,Words and Pictures,RAtt.,2.2,1.2,2014,3.4
1689,The Protector 2,Magn.,0.0025,3.3,2014,3.3025
1690,The Rover,A24,1.1,2.1,2014,3.2
1691,The Mystery of Happiness,Strand,0.0085,3.2,2014,3.2085
1694,The German Doctor,Gold.,0.418,2.6,2014,3.018
1695,Citizenfour,RTWC,2.8,0.202,2014,3.002
1696,A Coffee in Berlin,MBox,0.15,2.6,2014,2.75
1699,Living is Easy with Eyes Closed,Outs,0.0116,2.6,2014,2.6116
1700,A Five Star Life,MBox,0.307,2.2,2014,2.507
1704,Blood Ties (2014),RAtt.,0.0425,2.4,2014,2.4425
1705,The Guest (2014),PH,0.333,2.0,2014,2.333
1706,Life of Riley,KL,0.0116,2.3,2014,2.3116
1709,Marius,KL,0.0098,2.2,2014,2.2098
1710,"Men, Women & Children",Par.,0.706,1.5,2014,2.206
1712,Nymphomaniac: Volume II,Magn.,0.327,1.9,2014,2.227
1715,"20,000 Days on Earth",Drft.,0.28,1.8,2014,2.08
1721,Make Your Move,HTR,0.125,1.3,2014,1.425
1722,Bright Days Ahead,Trib.,0.0218,1.4,2014,1.4218
1725,Postman Pat: The Movie,Shout!,0.0015,1.3,2014,1.3015
1726,Just a Sigh,Distrib.,0.0755,1.2,2014,1.2755
1728,For a Woman,FM,0.032299,1.2,2014,1.232299
1730,Why Don't You Play in Hell,Drft.,0.0285,1.2,2014,1.2285
1732,The Way He Looks,Strand,0.101,1.1,2014,1.201
1733,Ilo Ilo,FM,0.0568,1.1,2014,1.1568
1738,Jackpot,DR,0.0008,1.1,2014,1.1008
1742,Borgman,Drft.,0.0575,0.952,2014,1.0095
1743,The Disappearance of Eleanor Rigby,Wein.,0.588,0.397,2014,0.985
1747,Age of Uprising: The Legend of Michael Kohlhaas (U.S. only),MBox,0.0033,0.797,2014,0.8003
1748,The Zero Theorem,Ampl.,0.258,0.513,2014,0.771
1761,Archipelago,KL,0.0078,0.492,2014,0.4998
1763,The Congress,Drft.,0.138,0.318,2014,0.456
1765,Bjork - Biophilia Live,CP,0.128,0.306,2014,0.434
1776,The Last Sentence,MBox,0.0625,0.265,2014,0.3275
1780,7 Boxes,BGP,0.0381,0.267,2014,0.3051
1792,Gabrielle (2014),EOne,0.0055,0.222,2014,0.2275
1800,Unrelated,KL,0.0045,0.154,2014,0.1585
1802,May in the Summer,Cohen,0.022,0.112,2014,0.134
1805,Life's a Breeze,Magn.,0.0035,0.0997,2014,0.1032
1835,Policeman,Crnth,0.0113,0.027,2014,0.0383
1872,Star Wars: The Force Awakens,BV,936.7,0.0011316,2015,936.7011316
1873,Jurassic World,Uni.,652.3,0.0010194,2015,652.3010194
1874,Furious 7,Uni.,353.0,0.001163,2015,353.001163
1875,Avengers: Age of Ultron,BV,459.0,946.4,2015,1405.4
1876,Minions,Uni.,336.0,823.4,2015,1159.4
1877,Spectre,Sony,200.1,680.6,2015,880.7
1878,Inside Out,BV,356.5,501.1,2015,857.6
1879,Mission: Impossible - Rogue Nation,Par.,195.0,487.7,2015,682.7
1880,The Hunger Games: Mockingjay - Part 2,LGF,281.7,371.7,2015,653.4
1881,The Martian,Fox,228.4,401.7,2015,630.1
1882,Fifty Shades of Grey,Uni.,166.2,404.8,2015,571.0
1883,Cinderella (2015),BV,201.2,342.4,2015,543.6
1884,The Revenant,Fox,183.6,349.3,2015,532.9
1885,Ant-Man,BV,180.2,339.1,2015,519.3
1886,Hotel Transylvania 2,Sony,169.7,305.1,2015,474.8
1887,San Andreas,WB (NL),155.2,318.8,2015,474.0
1888,Terminator: Genisys,Par.,89.8,350.8,2015,440.6
1889,Kingsman: The Secret Service,Fox,128.3,286.1,2015,414.4
1890,Home (2015),Fox,177.4,208.6,2015,386.0
1891,Mad Max: Fury Road,WB,153.6,224.8,2015,378.4
1892,The Good Dinosaur,BV,123.1,209.1,2015,332.2
1893,Taken 3,Fox,89.3,237.2,2015,326.5
1894,The SpongeBob Movie: Sponge Out of Water,Par.,163.0,162.2,2015,325.2
1895,Maze Runner: The Scorch Trials,Fox,81.7,230.6,2015,312.3
1896,The Divergent Series: Insurgent,LG/S,130.199999,167.1,2015,297.299999
1897,Pitch Perfect 2,Uni.,184.3,103.2,2015,287.5
1898,Paddington,W/Dim.,76.3,191.8,2015,268.1
1899,Mojin: The Lost Legend,WGUSA,1.2,258.1,2015,259.3
1900,Lost in Hong Kong,WGUSA,1.3,255.0,2015,256.3
1901,The Peanuts Movie,Fox,130.199999,116.1,2015,246.299999
1902,Pixels,Sony,78.7,166.1,2015,244.8
1903,Daddy's Home,Par.,150.4,92.4,2015,242.8
1904,Spy,Fox,110.8,124.8,2015,235.6
1905,Alvin and the Chipmunks: The Road Chip,Fox,85.9,148.9,2015,234.8
1906,Goodbye Mr. Loser,CL,1.3,226.8,2015,228.1
1907,Ted 2,Uni.,81.5,135.2,2015,216.7
1908,Tomorrowland,BV,93.4,115.7,2015,209.1
1909,Everest (2015),Uni.,43.5,159.9,2015,203.4
1910,Straight Outta Compton,Uni.,161.2,40.4,2015,201.6
1911,The Intern,WB,75.8,118.8,2015,194.6
1912,Jupiter Ascending,WB,47.4,136.6,2015,184.0
1913,Creed,WB (NL),109.8,63.8,2015,173.6
1914,Fantastic Four,Fox,56.1,111.9,2015,168.0
1915,Bridge of Spies,BV,72.3,93.2,2015,165.5
1916,Focus (2015),WB,53.9,105.2,2015,159.1
1917,The Hateful Eight,Wein.,54.1,101.6,2015,155.7
1918,Goosebumps,Sony,80.1,70.1,2015,150.2
1919,The Last Witch Hunter,LG/S,27.4,119.6,2015,147.0
1920,The Taking of Tiger Mountain,WGUSA,0.229,141.4,2015,141.629
1921,Trainwreck,Uni.,110.2,30.6,2015,140.8
1922,Mr. Six,CL,1.4,137.8,2015,139.2
1923,Point Break (2015),WB,28.8,104.9,2015,133.7
1924,The Big Short,Par.,70.3,63.2,2015,133.5
1925,Pan,WB,35.1,93.3,2015,128.4
1926,Wolf Totem,Sony,0.211,125.6,2015,125.811
1927,Magic Mike XXL,WB,66.0,56.5,2015,122.5
1928,Dragon Blade,LGP,0.0741,121.5,2015,121.5741
1929,Seventh Son,Uni.,17.2,97.0,2015,114.2
1930,Insidious Chapter 3,Focus,52.2,60.8,2015,113.0
1931,Get Hard,WB,90.4,21.4,2015,111.8
1932,The Man From U.N.C.L.E.,WB,45.4,64.4,2015,109.8
1933,Paul Blart: Mall Cop 2,Sony,71.0,36.6,2015,107.6
1934,Shaun the Sheep Movie,LGF,19.4,86.8,2015,106.2
1935,Sisters,Uni.,87.0,18.0,2015,105.0
1936,Vacation,WB (NL),58.9,46.0,2015,104.9
1937,Chappie,Sony,31.6,70.5,2015,102.1
1938,Joy,Fox,56.5,44.7,2015,101.2
1939,Black Mass,WB,62.6,37.2,2015,99.8
1940,Devil and Angel (E Gun Tian Shi),CL,0.131,98.5,2015,98.631
1941,The Visit,Uni.,65.2,33.2,2015,98.4
1942,Spotlight,ORF,45.1,53.2,2015,98.3
1943,Poltergeist (2015),Fox,47.4,48.0,2015,95.4
1944,In the Heart of the Sea,WB,25.0,68.9,2015,93.9
1945,Southpaw,Wein.,52.4,39.5,2015,91.9
1946,The Second Best Exotic Marigold Hotel,FoxS,33.1,52.9,2015,86.0
1947,Paper Towns,Fox,32.0,53.5,2015,85.5
1948,Sicario,LGF,46.9,38.0,2015,84.9
1949,Hitman: Agent 47,Fox,22.5,59.9,2015,82.4
1950,The Wedding Ringer,SGem,64.5,15.3,2015,79.8
1951,Paranormal Activity: The Ghost Dimension,Par.,18.3,60.6,2015,78.9
1952,Crimson Peak,Uni.,31.1,43.6,2015,74.7
1953,The Transporter Refueled,EC,16.0,56.6,2015,72.6
1954,Run All Night,WB,26.5,45.2,2015,71.7
1956,The Age of Adaline,LGF,42.6,23.0,2015,65.6
1957,The Danish Girl,Focus,11.1,53.1,2015,64.2
1958,Unfriended,Uni.,32.5,31.6,2015,64.1
1959,The Longest Ride,Fox,37.4,25.5,2015,62.9
1960,Brooklyn,FoxS,38.3,23.8,2015,62.1
1961,Dragon Ball Z: Resurrection 'F',FUN,8.0,53.8,2015,61.8
1962,Woman in Gold,Wein.,33.299999,28.3,2015,61.599999
1963,Krampus,Uni.,42.7,18.8,2015,61.5
1964,The Walk,TriS,10.1,51.0,2015,61.1
1965,The Perfect Guy,SGem,57.0,3.2,2015,60.2
1966,The Gift (2015),STX,43.8,15.2,2015,59.0
1967,No Escape,Wein.,27.3,27.1,2015,54.4
1968,Sinister 2,Focus,27.7,25.1,2015,52.8
1969,Prem Ratan Dhan Payo,FIP,4.4,48.2,2015,52.6
1970,The Boy Next Door,Uni.,35.4,17.0,2015,52.4
1971,The Night Before,Sony,43.0,9.3,2015,52.3
1972,Hot Pursuit,WB (NL),34.6,17.1,2015,51.7
1973,The 100-Year Old Man Who Climbed Out the Window and Disappeared,MBox,0.944,50.2,2015,51.144
1974,The Himalayas,CJ,0.697,49.8,2015,50.497
1976,Entourage,WB,32.4,16.9,2015,49.3
1977,The Woman in Black 2: Angel of Death,Rela.,26.5,22.4,2015,48.9
1978,Concussion (2015),Sony,34.5,14.1,2015,48.6
1979,Mortdecai,LGF,7.7,39.6,2015,47.3
1980,Coming Home (2015),SPC,0.378,46.4,2015,46.778
1981,"McFarland, USA",BV,44.5,1.2,2015,45.7
1982,Max (2015),WB,42.7,1.3,2015,44.0
1983,Still Alice,SPC,18.8,25.1,2015,43.9
1984,The DUFF,LGF,34.0,9.5,2015,43.5
1985,Legend,Uni.,1.9,41.1,2015,43.0
1986,The Gallows,WB (NL),22.8,20.2,2015,43.0
1987,Love the Coopers,LGF,26.3,16.1,2015,42.4
1988,The Lady in the Van,SPC,10.0,31.4,2015,41.4
1989,Ricki and the Flash,TriS,26.8,14.5,2015,41.3
1990,Carol,Wein.,12.7,27.6,2015,40.3
1991,The Lazarus Effect,Rela.,25.8,12.6,2015,38.4
1992,The Water Diviner,WB,4.2,34.0,2015,38.2
1993,A Walk in the Woods,BG,29.5,8.0,2015,37.5
1994,Ex Machina,A24,25.4,11.4,2015,36.8
1995,Burnt,Wein.,13.7,23.0,2015,36.7
1996,Room,A24,14.7,20.7,2015,35.4
1997,The Secret in their Eyes (2015),STX,20.2,14.7,2015,34.9
1998,Steve Jobs,Uni.,17.8,16.7,2015,34.5
1999,Victor Frankenstein,Fox,5.8,28.5,2015,34.3
2000,Project Almanac,Par.,22.3,10.9,2015,33.2
2001,Self/Less,Focus,12.3,18.2,2015,30.5
2002,Far from the Madding Crowd,FoxS,12.2,18.0,2015,30.2
2003,Mr. Holmes,RAtt.,17.7,11.6,2015,29.3
2004,Love & Mercy,RAtt.,12.6,16.1,2015,28.7
2005,Irrational Man,SPC,4.0,23.4,2015,27.4
2006,American Ultra,LGF,14.4,12.7,2015,27.1
2007,Wild Tales,SPC,3.1,23.9,2015,27.0
2008,Aloha,Sony,21.1,5.2,2015,26.3
2009,"Love, Rosie",TFA,0.0204,25.6,2015,25.6204
2010,The 33,WB,12.2,12.7,2015,24.9
2011,Capture the Flag,Par.,0.0067,24.6,2015,24.6067
2012,The Gunman,ORF,10.7,13.5,2015,24.2
2013,Go Away Mr. Tumor,CL,0.287,21.5,2015,21.787
2015,Blackhat,Uni.,8.0,11.6,2015,19.6
2016,Dope,ORF,17.5,0.48,2015,17.98
2017,Brothers: Blood Against Blood,FIP,0.614,17.2,2015,17.814
2018,While We're Young,A24,7.6,9.7,2015,17.3
2019,Monkey Kingdom,BV,16.399999,0.711,2015,17.110999
2020,Macbeth (2015),Wein.,1.1,15.2,2015,16.3
2021,Scouts Guide to the Zombie Apocalypse,Par.,3.7,12.4,2015,16.1
2022,Suffragette,Focus,4.7,11.3,2015,16.0
2024,Unfinished Business,Fox,10.2,4.2,2015,14.4
2025,Do You Believe?,PFR,13.0,1.4,2015,14.4
2027,Strange Magic,BV,12.4,1.2,2015,13.6
2028,Hot Tub Time Machine 2,Par.,12.3,0.767,2015,13.067
2029,Child 44,LG/S,1.2,11.7,2015,12.9
2030,We Are Your Friends,WB,3.6,7.5,2015,11.1
2031,Danny Collins,BST,5.6,5.2,2015,10.8
2032,Kung Fu Killer,WGUSA,0.13,10.0,2015,10.13
2033,A Little Chaos,FCW,0.558,9.5,2015,10.058
2034,The Loft,ORF,6.0,4.099999,2015,10.099999
2035,The Young & Prodigious T.S. Spivet,Wein.,0.174,9.3,2015,9.474
2036,Shanghai,Wein.,0.0464,9.2,2015,9.2464
2038,Me and Earl and the Dying Girl,FoxS,6.8,2.3,2015,9.1
2040,Shaandaar,FIP,0.522,7.8,2015,8.322
2041,Trumbo (2015),BST,7.9,0.378,2015,8.278
2045,Grandma (2015),SPC,7.0,0.107,2015,7.107
2050,What We Do in the Shadows,U/P,3.5,2.8,2015,6.3
2051,Anomalisa,Par.,3.8,1.9,2015,5.7
2052,Pawn Sacrifice,BST,2.4,3.1,2015,5.5
2053,Serena,Magn.,0.176,4.9,2015,5.076
2054,Mr. X,FIP,0.045,5.0,2015,5.045
2056,Back to the Future Day,UHE,1.7,3.2,2015,4.9
2057,Trash,FCW,0.0175,4.8,2015,4.8175
2059,"Buen Dia, Ramon",FIP,0.154,4.5,2015,4.654
2060,Hamari Adhuri Kahani,FIP,0.235,4.2,2015,4.435
2062,Escobar: Paradise Lost,RTWC,0.196,3.6,2015,3.796
2065,By the Sea,Uni.,0.538,2.8,2015,3.338
2066,Sleeping with Other People,IFC,0.819,2.4,2015,3.219
2068,Jimmy's Hall,SPC,0.561,2.6,2015,3.161
2071,Remember (Canada Release),EOne,0.547,2.5,2015,3.047
2075,Captive (2015),Par.,2.6,0.218,2015,2.818
2076,He Named Me Malala,FoxS,2.7,0.0971,2015,2.7971
2081,Jem and the Holograms,Uni.,2.2,0.149,2015,2.349
2082,Beloved Sisters,MBox,0.054,2.2,2015,2.254
2083,The Riot Club,IFC,0.0077,2.1,2015,2.1077
2092,Janis: Little Girl Blue,FR,0.41,1.2,2015,1.61
2093,'71,RAtt.,1.3,0.355,2015,1.655
2100,Maps to the Stars,FCW,0.351,0.988,2015,1.339
2108,Cartel Land,Orch.,0.704,0.422,2015,1.126
2119,The D Train,IFC,0.673,0.102,2015,0.775
2127,Black Panthers: Vanguard of the Revolution,PBS,0.517,0.0672,2015,0.5842
2235,Love Thy Nature,ITL,0.0411,0.0118,2015,0.0529
2322,Captain America: Civil War,BV,408.1,745.2,2016,1153.3
2323,Rogue One: A Star Wars Story,BV,532.2,523.9,2016,1056.1
2324,Finding Dory,BV,486.3,542.3,2016,1028.6
2325,Zootopia,BV,341.3,682.5,2016,1023.8
2326,The Jungle Book (2016),BV,364.0,602.5,2016,966.5
2327,The Secret Life of Pets,Uni.,368.4,507.1,2016,875.5
2328,Batman v Superman: Dawn of Justice,WB,330.4,543.3,2016,873.7
2329,Fantastic Beasts and Where To Find Them,WB,234.0,580.0,2016,814.0
2330,Deadpool,Fox,363.1,420.0,2016,783.1
2331,Suicide Squad,WB,325.1,421.7,2016,746.8
2332,Doctor Strange,BV,232.6,445.1,2016,677.7
2333,Moana,BV,248.8,394.6,2016,643.4
2334,Sing,Uni.,270.4,363.8,2016,634.2
2335,The Mermaid (Mei ren yu),Sony,3.2,550.6,2016,553.8
2336,X-Men: Apocalypse,Fox,155.4,388.5,2016,543.9
2337,Kung Fu Panda 3,Fox,143.5,377.6,2016,521.1
2338,La La Land,LG/S,151.1,295.0,2016,446.1
2339,Warcraft,Uni.,47.4,386.3,2016,433.7
2340,Jason Bourne,Uni.,162.4,253.1,2016,415.5
2341,Ice Age: Collision Course,Fox,64.099999,344.5,2016,408.599999
2342,Independence Day: Resurgence,Fox,103.1,286.5,2016,389.6
2343,Monster Hunt,FR,0.0328,385.3,2016,385.3328
2344,The Legend of Tarzan,WB,126.6,230.1,2016,356.7
2345,The Angry Birds Movie,Sony,107.5,244.8,2016,352.3
2346,Trolls,Fox,153.7,193.2,2016,346.9
2347,Star Trek Beyond,Par.,158.8,184.6,2016,343.4
2348,Now You See Me 2,LG/S,65.099999,269.8,2016,334.899999
2349,The Conjuring 2,WB (NL),102.5,217.9,2016,320.4
2350,Passengers (2016),Sony,100.0,203.1,2016,303.1
2351,Dangal,UTV,12.4,290.5,2016,302.9
2352,Alice Through the Looking Glass,BV,77.0,222.4,2016,299.4
2353,Miss Peregrine's Home for Peculiar Children,Fox,87.2,209.2,2016,296.4
2354,Teenage Mutant Ninja Turtles: Out of the Shadows,Par.,82.1,163.6,2016,245.7
2355,Assassin's Creed,Fox,54.6,186.3,2016,240.9
2356,Sully,WB,125.1,115.7,2016,240.8
2357,Hidden Figures,Fox,169.6,66.3,2016,235.9
2358,Ghostbusters (2016),Sony,128.4,100.8,2016,229.2
2359,Inferno,Sony,34.3,185.7,2016,220.0
2360,Central Intelligence,WB (NL),127.4,89.5,2016,216.9
2361,Bridget Jones's Baby,Uni.,24.3,187.7,2016,212.0
2362,Me Before You,WB (NL),56.2,152.1,2016,208.3
2363,London Has Fallen,Focus,62.5,143.2,2016,205.7
2364,Arrival,Par.,100.5,102.8,2016,203.3
2365,The Monkey King 2 in 3D,CL,0.71,193.0,2016,193.71
2366,Bad Moms,STX,113.3,70.7,2016,184.0
2367,Storks,WB,72.7,110.7,2016,183.4
2368,The BFG,BV,55.5,127.9,2016,183.4
2369,The Divergent Series: Allegiant,LG/S,66.2,113.1,2016,179.3
2370,Hacksaw Ridge,LGF,67.2,108.1,2016,175.3
2371,The Girl on the Train (2016),Uni.,75.4,97.8,2016,173.2
2372,Operation Mekong,WGUSA,0.8,172.3,2016,173.1
2373,The Huntsman: Winter's War,Uni.,48.4,116.6,2016,165.0
2374,The Magnificent Seven (2016),Sony,93.4,68.9,2016,162.3
2375,Jack Reacher: Never Go Back,Par.,58.7,103.4,2016,162.1
2376,Don't Breathe,SGem,89.2,67.9,2016,157.1
2377,Ip Man 3,WGUSA,2.7,154.2,2016,156.9
2378,The Accountant,WB,86.3,68.9,2016,155.2
2379,Gods of Egypt,LG/S,31.2,119.5,2016,150.7
2380,Lights Out,WB (NL),67.3,81.6,2016,148.9
2381,Pete's Dragon (2016),BV,76.2,67.5,2016,143.7
2382,Sausage Party,Sony,97.7,43.0,2016,140.7
2383,Lion,Wein.,51.7,88.6,2016,140.3
2384,Detective Chinatown (Tang ren jie tan an),CL,0.474,125.4,2016,125.874
2385,Mechanic: Resurrection,LG/S,21.2,104.5,2016,125.7
2386,Ride Along 2,Uni.,91.2,33.4,2016,124.6
2387,Deepwater Horizon,LG/S,61.4,60.4,2016,121.8
2388,Allied,Par.,40.1,79.4,2016,119.5
2389,The Shallows,Sony,55.1,64.0,2016,119.1
2390,The Purge: Election Year,Uni.,79.2,39.4,2016,118.6
2391,Why Him?,Fox,60.3,57.8,2016,118.1
2393,Office Christmas Party,Par.,54.8,59.7,2016,114.5
2394,How to Be Single,WB (NL),46.8,65.5,2016,112.3
2395,10 Cloverfield Lane,Par.,72.1,38.1,2016,110.2
2396,The 5th Wave,Sony,34.9,75.0,2016,109.9
2397,Neighbors 2: Sorority Rising,Uni.,55.5,52.6,2016,108.1
2398,Cold War 2,WGUSA,0.561,102.6,2016,103.161
2399,The Little Prince,EOne,1.3,96.2,2016,97.5
2400,Dirty Grandpa,LGF,35.6,58.5,2016,94.1
2401,Ben-Hur (2016),Par.,26.4,67.7,2016,94.1
2402,Money Monster,TriS,41.0,52.3,2016,93.3
2403,My Big Fat Greek Wedding 2,Uni.,59.7,29.2,2016,88.9
2404,Collateral Beauty,WB (NL),31.0,57.5,2016,88.5
2405,Train to Busan,WGUSA,2.1,85.4,2016,87.5
2406,Sultan,Yash,6.2,81.1,2016,87.3
2407,War Dogs,WB,43.0,43.2,2016,86.2
2408,Nerve,LGF,38.6,46.7,2016,85.3
2409,Ouija: Origin of Evil,Uni.,35.1,46.6,2016,81.7
2410,Manchester by the Sea,RAtt.,47.7,31.3,2016,79.0
2411,The Boss,Uni.,63.3,15.6,2016,78.9
2412,Shin Godzilla,FUN,1.9,76.0,2016,77.9
2413,Mike and Dave Need Wedding Dates,Fox,46.0,31.1,2016,77.1
2414,Boo! A Madea Halloween,LGF,73.2,1.6,2016,74.8
2415,Miracles from Heaven,TriS,61.7,12.2,2016,73.9
2416,I Am Not Madame Bovary,WGUSA,0.437,70.4,2016,70.837
2417,Kubo and the Two Strings,Focus,48.0,21.9,2016,69.9
2418,13 Hours: The Secret Soldiers of Benghazi,Par.,52.9,16.6,2016,69.5
2419,Moonlight (2016),A24,27.9,37.2,2016,65.1
2420,Fences,Par.,57.7,6.7,2016,64.4
2421,The Boy (2016),STX,35.8,28.4,2016,64.2
2422,"Hail, Caesar!",Uni.,30.5,33.1,2016,63.6
2423,The Nice Guys,WB,36.3,26.5,2016,62.8
2424,L.O.R.D: Legend of Ravaging Dynasties,AR,0.35,57.7,2016,58.05
2425,Nine Lives (2016),EC,19.7,38.1,2016,57.8
2426,Zoolander 2,Par.,28.8,27.9,2016,56.7
2427,Barbershop: The Next Cut,WB (NL),54.0,1.0,2016,55.0
2428,The Finest Hours,BV,27.6,24.5,2016,52.1
2429,Master,CJ,0.597,51.0,2016,51.597
2430,Patriots Day,LGF,31.9,18.7,2016,50.6
2431,Florence Foster Jenkins,Par.,27.4,21.5,2016,48.9
2432,Mother's Day,ORF,32.5,15.9,2016,48.4
2433,Luck-Key,JBG,0.467,47.7,2016,48.167
2434,Yo-kai Watch: The Movie,Elev.,0.257,47.6,2016,47.857
2435,A Monster Calls,Focus,3.7,43.6,2016,47.3
2436,Eddie the Eagle,Fox,15.8,30.4,2016,46.2
2437,Risen,Sony,36.9,9.2,2016,46.1
2438,Blair Witch,LGF,20.8,24.4,2016,45.2
2439,Cafe Society,LGF,11.1,32.7,2016,43.8
2440,Almost Christmas,Uni.,42.2,0.422,2016,42.622
2441,The Witch,A24,25.1,15.3,2016,40.4
2442,The Wild Life (2016),LG/S,8.0,31.5,2016,39.5
2443,Criminal (2016),LG/S,14.7,24.1,2016,38.8
2444,Absolutely Fabulous: The Movie,FoxS,4.8,33.1,2016,37.9
2445,Hell or High Water,LGF,27.0,10.9,2016,37.9
2446,The Forest,Focus,26.6,11.0,2016,37.6
2447,Snowden,ORF,21.6,15.7,2016,37.3
2448,Billy Lynn's Long Halftime Walk,TriS,1.7,29.2,2016,30.9
2449,When the Bough Breaks,SGem,29.7,0.911,2016,30.611
2450,Nocturnal Animals,Focus,10.7,19.6,2016,30.3
2451,Keeping Up with the Joneses,Fox,14.9,15.0,2016,29.9
2452,Ae Dil Hai Mushkil,FIP,4.3,24.1,2016,28.4
2453,Fan,Yash,2.3,25.9,2016,28.2
2454,M.S. Dhoni: The Untold Story,FIP,1.8,26.0,2016,27.8
2455,The Light Between Oceans,BV,12.5,13.4,2016,25.9
2456,The Brothers Grimsby,Sony,6.9,18.3,2016,25.2
2457,Race (2016),Focus,19.2,5.9,2016,25.1
2458,Free State of Jones,STX,20.8,4.2,2016,25.0
2459,A Beautiful Planet,Imax,15.5,9.4,2016,24.9
2460,God's Not Dead 2,PFR,20.8,3.7,2016,24.5
2461,Silence (2016),Par.,7.1,16.6,2016,23.7
2462,Middle School: The Worst Years of My Life,LGF,20.0,3.3,2016,23.3
2463,Triple 9,ORF,12.6,10.5,2016,23.1
2465,Captain Fantastic,BST,5.9,16.9,2016,22.8
2466,Live By Night,WB,10.4,12.3,2016,22.7
2467,Julieta,SPC,1.5,21.0,2016,22.5
2469,Fifty Shades of Black,ORF,11.7,10.5,2016,22.2
2471,El Clan,FIP,0.201,20.2,2016,20.401
2472,The Edge of Seventeen,STX,14.4,4.4,2016,18.8
2476,Regression,W/Dim.,0.055,17.6,2016,17.655
2477,Neerja,FIP,1.6,16.0,2016,17.6
2480,Hardcore Henry,STX,9.3,7.6,2016,16.9
2481,Pride and Prejudice and Zombies,SGem,10.9,5.5,2016,16.4
2483,Kapoor & Sons - Since 1921,FIP,2.6,12.8,2016,15.4
2484,The Take (2016),HTR,0.0503,14.8,2016,14.8503
2485,Sword Master,WGUSA,0.0755,14.6,2016,14.6755
2487,The Other Side of the Door,Fox,3.0,11.3,2016,14.3
2490,Sing Street,Wein.,3.2,10.4,2016,13.6
2491,Shut In,EC,6.9,6.2,2016,13.1
2492,Loving,Focus,7.8,5.2,2016,13.0
2493,The Beatles: Eight Days a Week - The Touring Years,Abr.,2.9,9.4,2016,12.3
2494,The Man Who Knew Infinity,IFC,3.9,8.4,2016,12.3
2497,Our Kind of Traitor,RAtt.,3.2,7.6,2016,10.8
2498,The Perfect Match,LGF,9.7,0.745,2016,10.445
2499,Queen of Katwe,BV,8.9,1.5,2016,10.4
2500,Miss Sloane,EC,3.5,5.6,2016,9.1
2502,Morgan,Fox,3.9,4.9,2016,8.8
2504,My King (Mon roi),FM,0.0541,7.9,2016,7.9541
2505,Pele: Birth of a Legend,IFC,0.057,7.8,2016,7.857
2506,A Bigger Splash,FoxS,2.0,5.5,2016,7.5
2507,Southside with You,RAtt.,6.3,0.208,2016,6.508
2509,Incarnate,BH Tilt,4.8,1.5,2016,6.3
2510,Max Steel,ORF,3.8,2.5,2016,6.3
2511,Midnight Special,WB,3.7,2.5,2016,6.2
2512,The Duelist,Sony,0.0135,6.1,2016,6.1135
2513,The Autopsy of Jane Doe,IFC,0.0105,6.0,2016,6.0105
2514,My Best Friend's Wedding (2016),Sony,0.0786,5.6,2016,5.6786
2515,Genius,RAtt.,1.4,4.3,2016,5.7
2520,Men & Chicken,Drft.,0.0302,4.6,2016,4.6302
2525,Indignation,RAtt.,3.4,0.523,2016,3.923
2527,Rules Don't Apply,Fox,3.7,0.233,2016,3.933
2530,Naam Hai Akira,FIP,0.219,3.5,2016,3.719
2532,Miles Ahead,SPC,2.6,0.85,2016,3.45
2535,The Program (2016),EOne,0.0131,3.3,2016,3.3131
2539,Desierto,STX,2.0,1.0,2016,3.0
2541,Hillsong - Let Hope Rise,PFR,2.4,0.255,2016,2.655
2542,El Jeremias,Sony,0.65,1.9,2016,2.55
2547,Equals,A24,0.0333,2.1,2016,2.1333
2552,American Honey,A24,0.663,1.2,2016,1.863
2554,A Perfect Day,IFC,0.014,1.7,2016,1.714
2556,Rustom,Zee,1.1,0.571,2016,1.671
2567,Ma ma,Osci.,0.0473,1.1,2016,1.1473
2665,The Monster (2016),A24,0.0125,0.0622,2016,0.0747
2696,Troublemakers: The Story of Land Art,FRun,0.0295,0.0091,2016,0.0386
2758,Star Wars: The Last Jedi,BV,620.2,712.4,2017,1332.6
2759,Beauty and the Beast (2017),BV,504.0,759.5,2017,1263.5
2760,The Fate of the Furious,Uni.,226.0,0.00101,2017,226.00101
2761,Despicable Me 3,Uni.,264.6,770.2,2017,1034.8
2762,Jumanji: Welcome to the Jungle,Sony,404.5,557.6,2017,962.1
2763,Spider-Man: Homecoming,Sony,334.2,546.0,2017,880.2
2764,Wolf Warrior 2,HC,2.7,867.6,2017,870.3
2765,Guardians of the Galaxy Vol. 2,BV,389.8,473.9,2017,863.7
2766,Thor: Ragnarok,BV,315.1,538.9,2017,854.0
2767,Wonder Woman,WB,412.6,409.3,2017,821.9
2768,Coco,BV,209.7,597.4,2017,807.1
2769,Pirates of the Caribbean: Dead Men Tell No Tales,BV,172.6,622.3,2017,794.9
2770,It,WB (NL),327.5,372.9,2017,700.4
2771,Justice League,WB,229.0,428.9,2017,657.9
2772,Logan (2017),Fox,226.3,392.7,2017,619.0
2773,Transformers: The Last Knight,Par.,130.199999,475.3,2017,605.499999
2774,Kong: Skull Island,WB,168.1,398.6,2017,566.7
2775,The Boss Baby,Fox,175.0,353.0,2017,528.0
2776,Dunkirk,WB,188.0,337.2,2017,525.2
2777,War for the Planet of the Apes,Fox,146.9,343.8,2017,490.7
2778,The Greatest Showman,Fox,174.3,260.7,2017,435.0
2779,Kingsman: The Golden Circle,Fox,100.2,310.7,2017,410.9
2780,The Mummy (2017),Uni.,80.2,329.0,2017,409.2
2781,Cars 3,BV,152.9,231.0,2017,383.9
2782,Fifty Shades Darker,Uni.,114.6,267.0,2017,381.6
2783,Your Name.,FUN,5.0,353.0,2017,358.0
2784,Murder on the Orient Express (2017),Fox,102.8,250.0,2017,352.8
2785,xXx: The Return of Xander Cage,Par.,44.9,301.2,2017,346.1
2786,The Great Wall,Uni.,45.5,289.4,2017,334.9
2787,Resident Evil: The Final Chapter,SGem,26.8,285.4,2017,312.2
2788,The LEGO Batman Movie,WB,175.8,136.2,2017,312.0
2789,Annabelle: Creation,WB (NL),102.1,204.4,2017,306.5
2790,Wonder,LGF,132.4,173.5,2017,305.9
2791,Ferdinand,Fox,84.4,211.7,2017,296.1
2792,Split,Uni.,138.3,140.2,2017,278.5
2793,Blade Runner 2049,WB,92.1,167.2,2017,259.3
2794,Get Out,Uni.,176.0,79.4,2017,255.4
2795,Kung Fu Yoga,WGUSA,0.363,253.8,2017,254.163
2796,Baahubali 2: The Conclusion,GrtIndia,20.2,234.0,2017,254.2
2797,Journey to the West: The Demons Strike Back,Sony,0.88,245.7,2017,246.58
2798,Alien: Covenant,Fox,74.3,166.6,2017,240.9
2799,Baby Driver,TriS,107.8,119.1,2017,226.9
2800,Valerian and the City of a Thousand Planets,STX,41.2,184.7,2017,225.9
2801,Geostorm,WB,33.7,187.9,2017,221.6
2802,The Emoji Movie,Sony,86.1,131.699999,2017,217.799999
2803,A Dog's Purpose,Uni.,64.5,140.5,2017,205.0
2804,Smurfs: The Lost Village,Sony,45.0,152.2,2017,197.2
2805,The Shape of Water,FoxS,63.9,131.4,2017,195.3
2806,Pitch Perfect 3,Uni.,104.9,80.5,2017,185.4
2807,Daddy's Home 2,Par.,104.0,76.6,2017,180.6
2808,The Post,Fox,81.9,97.9,2017,179.8
2809,Baywatch,Par.,58.1,119.8,2017,177.9
2810,The Hitman's Bodyguard,LG/S,75.5,101.1,2017,176.6
2811,John Wick: Chapter Two,LG/S,92.0,79.5,2017,171.5
2812,Ghost in the Shell (2017),Par.,40.6,129.199999,2017,169.799999
2813,"Three Billboards Outside Ebbing, Missouri",FoxS,54.5,104.7,2017,159.2
2814,Duckweed,CL,0.472,150.6,2017,151.072
2815,Darkest Hour,Focus,56.5,94.4,2017,150.9
2816,King Arthur: Legend of the Sword,WB,39.2,109.5,2017,148.7
2817,The Foreigner,STX,34.4,111.0,2017,145.4
2818,Power Rangers (2017),LGF,85.4,57.0,2017,142.4
2819,Girls Trip,Uni.,115.2,25.4,2017,140.6
2820,American Made,Uni.,51.3,83.5,2017,134.8
2821,A Bad Moms Christmas,STX,72.1,58.4,2017,130.5
2822,Captain Underpants: The First Epic Movie,Fox,73.9,51.6,2017,125.5
2823,Happy Death Day,Uni.,55.7,69.8,2017,125.5
2824,The LEGO Ninjago Movie,WB,59.3,63.8,2017,123.1
2826,The Dark Tower,Sony,50.7,62.5,2017,113.2
2827,Buddies in India,CL,0.293,109.3,2017,109.593
2828,Leap!,Wein.,21.9,81.4,2017,103.3
2829,Jigsaw,LGF,38.1,64.9,2017,103.0
2830,Railroad Tigers,WGUSA,0.218,102.0,2017,102.218
2831,Life (2017),Sony,30.2,70.3,2017,100.5
2832,Atomic Blonde,Focus,51.7,48.3,2017,100.0
2833,The Shack,LG/S,57.4,39.6,2017,97.0
2834,Some Like It Hot (Qing Shung),CL,0.1,95.6,2017,95.7
2835,Tiger Zinda Hai,Yash,5.6,81.8,2017,87.4
2836,Going in Style (2017),WB (NL),45.0,39.9,2017,84.9
2837,Rings,Par.,27.8,55.3,2017,83.1
2838,A Taxi Driver,WGUSA,1.5,80.1,2017,81.6
2839,Underworld: Blood Wars,SGem,30.4,50.7,2017,81.1
2840,Lady Bird,A24,49.0,30.0,2017,79.0
2841,American Assassin,LGF,36.2,31.0,2017,67.2
2842,One Piece Film: Gold,FUN,0.424,65.8,2017,66.224
2843,Victoria and Abdul,Focus,22.2,43.2,2017,65.4
2844,The Nut Job 2: Nutty by Nature,ORF,28.4,36.8,2017,65.2
2845,Monster Trucks,Par.,33.4,31.1,2017,64.5
2846,The Mountain Between Us,Fox,30.3,32.5,2017,62.8
2847,The Star,Sony,40.9,22.0,2017,62.9
2848,How to be a Latin Lover,PNT,32.1,29.7,2017,61.8
2849,"Everything, Everything",WB,34.1,27.5,2017,61.6
2850,Snatched,Fox,45.9,15.0,2017,60.9
2851,My Little Pony: The Movie,LGF,21.9,38.4,2017,60.3
2852,Molly's Game,STX,28.8,30.5,2017,59.3
2853,All the Money in the World,TriS,25.1,31.9,2017,57.0
2854,The Big Sick,LGF,42.9,13.5,2017,56.4
2855,Confidential Assignment,CJ,0.476,55.5,2017,55.976
2856,Downsizing,Par.,24.4,30.6,2017,55.0
2857,"I, Tonya",Neon,30.0,23.9,2017,53.9
2858,Logan Lucky,BST,27.8,20.7,2017,48.5
2859,Tyler Perry's Boo 2! A Madea Halloween,LGF,47.3,1.0,2017,48.3
2860,Phantom Thread,Focus,21.2,26.6,2017,47.8
2861,Rough Night,Sony,22.1,25.2,2017,47.3
2862,The Battleship Island,CJ,1.1,45.0,2017,46.1
2863,Flatliners (2017),Sony,16.9,28.3,2017,45.2
2865,mother!,Par.,17.8,26.7,2017,44.5
2867,The Snowman,Uni.,6.7,36.4,2017,43.1
2868,Gifted,FoxS,24.8,18.2,2017,43.0
2869,Loving Vincent,Good Deed,6.7,35.5,2017,42.2
2870,Call Me by Your Name,SPC,18.1,23.8,2017,41.9
2871,T2: Trainspotting,TriS,2.4,39.3,2017,41.7
2872,Fist Fight,WB (NL),32.2,8.9,2017,41.1
2873,Diary of a Wimpy Kid: The Long Haul,Fox,20.7,19.4,2017,40.1
2874,The House,WB (NL),25.6,8.6,2017,34.2
2875,Tad the Lost Explorer and the Secret of King Midas,ParC,0.0059,34.2,2017,34.2059
2877,Sleepless,ORF,20.8,12.1,2017,32.9
2879,The Disaster Artist,A24,21.1,8.7,2017,29.8
2881,The Beguiled (2017),Focus,10.7,16.7,2017,27.4
2883,Judwaa 2,FIP,1.4,25.5,2017,26.9
2884,CHiPs,WB,18.6,8.199999,2017,26.799999
2885,The Bye Bye Man,STX,22.4,4.3,2017,26.7
2886,A Cure for Wellness,Fox,8.1,18.5,2017,26.6
2887,The Zookeeper's Wife,Focus,17.6,8.6,2017,26.2
2888,Only The Brave,Sony,18.3,7.4,2017,25.7
2889,Father Figures,WB,17.5,8.1,2017,25.6
2890,Badrinath Ki Dulhania,FIP,2.0,23.2,2017,25.2
2891,Born in China,BV,13.9,11.2,2017,25.1
2892,The Founder,Wein.,12.8,11.3,2017,24.1
2893,Jolly Llb 2,FIP,1.7,21.3,2017,23.0
2894,The Glass Castle,LGF,17.3,4.6,2017,21.9
2895,Sword Art Online: The Movie - Ordinal Scale,Elev.,1.5,19.2,2017,20.7
2897,It Comes At Night,A24,14.0,5.3,2017,19.3
2898,The Lost City of Z,BST,8.6,10.7,2017,19.3
2899,Unforgettable (2017),WB,11.4,6.4,2017,17.8
2900,The Case for Christ,PFR,14.7,3.0,2017,17.7
2902,Wonder Wheel,Amazon,1.4,14.5,2017,15.9
2903,Gold,Wein.,7.2,7.7,2017,14.9
2904,The Space Between Us,STX,7.9,6.9,2017,14.8
2906,A United Kingdom,FoxS,3.9,9.9,2017,13.8
2907,"Roman J. Israel, Esq.",Sony,12.0,1.1,2017,13.1
2908,Mubarakan,Sony,0.759,12.1,2017,12.859
2910,The Promise (2017),ORF,8.199999,4.2,2017,12.399999
2912,Earth: One Amazing Day,BBC,0.0813,11.6,2017,11.6813
2915,My Cousin Rachel,FoxS,2.7,6.5,2017,9.2
2916,Truman,FR,0.211,8.8,2017,9.011
2917,Stronger,RAtt.,4.2,4.2,2017,8.4
2918,Tulip Fever,Wein.,2.5,5.9,2017,8.4
2919,Viceroy's House,IFC,1.1,6.7,2017,7.8
2920,Amityville: The Awakening,W/Dim.,0.0007,7.7,2017,7.7007
2921,Just Getting Started,BG,6.1,1.6,2017,7.7
2922,Beatriz At Dinner,RAtt.,7.1,0.31,2017,7.41
2924,The Red Turtle,SPC,0.922,5.7,2017,6.622
2925,From the Land of the Moon,IFC,0.0477,6.5,2017,6.5477
2927,All Saints,Affirm,5.8,0.14,2017,5.94
2932,Phillauri,FIP,0.468,5.0,2017,5.468
2933,Ok Jaanu,FIP,0.356,5.0,2017,5.356
2934,An Inconvenient Sequel: Truth to Power,Par.,3.5,1.9,2017,5.4
2935,Table 19,FoxS,3.6,1.4,2017,5.0
2936,Collide,ORF,2.3,2.5,2017,4.8
2937,The Wall,RAtt.,1.8,2.7,2017,4.5
2938,Mark Felt: The Man Who Brought Down the White House,SPC,0.769,3.6,2017,4.369
2939,Terminator 2: Judgment Day 3D,Distrib.,1.0,2.9,2017,3.9
2940,Brad's Status,Annapurna,2.1,1.7,2017,3.8
2943,Wonderstruck,RAtt.,1.1,2.2,2017,3.3
2945,Raw (2017),FCW,0.515,2.6,2017,3.115
2947,A Gentleman,FIP,0.41,2.5,2017,2.91
2948,Inhumans,Imax,1.5,1.3,2017,2.8
2950,The Only Living Boy in New York,RAtt.,0.624,1.9,2017,2.524
2952,Poster Boys,Sony,0.097,2.4,2017,2.497
2961,Last Flag Flying,LGF,0.965,0.904,2017,1.869
2965,Human Flow,Magn.,0.528,1.3,2017,1.828
2969,Patti Cake$,FoxS,0.8,0.682,2017,1.482
2975,6 Below: Miracle on the Mountain,MOM,0.0148,1.1,2017,1.1148
2985,Buena Vista Social Club: Adios,BG,0.123,0.578,2017,0.701
2990,3 Generations,Wein.,0.156,0.375,2017,0.531
2993,Letters from Baghdad,Vita.,0.36,0.143,2017,0.503
3009,City of Ghosts,IFC,0.128,0.1,2017,0.228
3079,Avengers: Infinity War,BV,678.8,0.0013695,2018,678.8013695
3080,Black Panther,BV,700.1,646.9,2018,1347.0
3081,Jurassic World: Fallen Kingdom,Uni.,417.7,891.8,2018,1309.5
3082,Incredibles 2,BV,608.6,634.2,2018,1242.8
3083,Aquaman,WB,335.1,812.7,2018,1147.8
3084,Bohemian Rhapsody,Fox,216.4,687.2,2018,903.6
3085,Venom (2018),Sony,213.5,641.5,2018,855.0
3086,Mission: Impossible - Fallout,Par.,220.2,571.0,2018,791.2
3087,Deadpool 2,Fox,318.5,460.5,2018,779.0
3088,Fantastic Beasts: The Crimes of Grindelwald,WB,159.6,494.1,2018,653.7
3089,Ant-Man and the Wasp,BV,216.6,406.0,2018,622.6
3090,Ready Player One,WB,137.7,445.2,2018,582.9
3091,Operation Red Sea,WGUSA,1.5,577.7,2018,579.2
3092,Detective Chinatown 2,WB,2.0,542.1,2018,544.1
3093,The Meg,WB,145.4,384.8,2018,530.2
3094,Ralph Breaks the Internet,BV,201.1,328.1,2018,529.2
3095,Hotel Transylvania 3: Summer Vacation,Sony,167.5,361.1,2018,528.6
3096,Dr. Seuss' The Grinch (2018),Uni.,270.6,241.0,2018,511.6
3097,Bumblebee,Par.,127.2,340.8,2018,468.0
3098,A Star is Born (2018),WB,215.3,218.9,2018,434.2
3099,Rampage (2018),WB (NL),101.0,327.0,2018,428.0
3100,Mamma Mia! Here We Go Again,Uni.,120.6,274.4,2018,395.0
3101,Solo: A Star Wars Story,BV,213.8,179.2,2018,393.0
3102,Spider-Man: Into The Spider-Verse,Sony,190.2,185.3,2018,375.5
3103,Fifty Shades Freed,Uni.,100.4,271.5,2018,371.9
3104,The Nun,WB (NL),117.5,248.1,2018,365.6
3105,Monster Hunt 2,LGF,0.706,361.0,2018,361.706
3106,Peter Rabbit,Sony,115.3,236.0,2018,351.3
3107,Mary Poppins Returns,BV,172.0,177.6,2018,349.6
3108,A Quiet Place,Par.,188.0,152.9,2018,340.9
3109,Green Book,Uni.,85.1,234.7,2018,319.8
3110,Skyscraper,Uni.,68.4,236.4,2018,304.8
3111,Ocean's 8,WB,140.2,157.5,2018,297.7
3112,Pacific Rim Uprising,Uni.,59.9,231.1,2018,291.0
3113,Maze Runner: The Death Cure,Fox,58.0,230.2,2018,288.2
3114,Tomb Raider,WB,58.3,216.4,2018,274.7
3115,Halloween (2018),Uni.,159.3,96.1,2018,255.4
3116,Crazy Rich Asians,WB,174.5,64.0,2018,238.5
3117,Paddington 2,WB,40.9,186.4,2018,227.3
3118,Smallfoot,WB,83.2,130.9,2018,214.1
3119,Creed II,MGM,115.7,98.3,2018,214.0
3120,Disney's Christopher Robin,BV,99.2,98.5,2018,197.7
3121,The Equalizer 2,Sony,102.1,88.3,2018,190.4
3122,The Nutcracker and the Four Realms,BV,54.9,119.1,2018,174.0
3123,The Mule,WB,103.8,68.7,2018,172.5
3124,Insidious: The Last Key,Uni.,67.7,100.1,2018,167.8
3125,The Predator (2018),Fox,51.0,109.5,2018,160.5
3126,Johnny English Strikes Again,Uni.,4.4,154.5,2018,158.9
3127,Red Sparrow,Fox,46.9,104.7,2018,151.6
3128,The First Purge,Uni.,69.5,67.5,2018,137.0
3129,A Wrinkle in Time,BV,100.5,32.2,2018,132.7
3130,The House With A Clock In Its Walls,Uni.,68.5,62.9,2018,131.4
3131,Instant Family,Par.,67.4,53.2,2018,120.6
3132,The Commuter,LGF,36.3,83.6,2018,119.9
3133,Game Night,WB (NL),69.2,48.5,2018,117.7
3134,The Monkey King 3,WGUSA,0.187,114.9,2018,115.087
3135,First Man,Uni.,44.9,60.8,2018,105.7
3136,Night School (2018),Uni.,77.3,25.8,2018,103.1
3137,Alpha,Studio 8,35.9,62.3,2018,98.2
3138,A Simple Favor,LGF,53.5,44.1,2018,97.6
3139,The Favourite,FoxS,34.4,61.6,2018,96.0
3140,Truth or Dare,Uni.,41.4,53.9,2018,95.3
3141,I Feel Pretty,STX,48.8,45.7,2018,94.5
3142,Blockers,Uni.,60.3,33.7,2018,94.0
3143,Goosebumps 2: Haunted Halloween,Sony,46.7,46.6,2018,93.3
3144,BlacKkKlansman,Focus,49.3,44.0,2018,93.3
3145,Overboard (2018),PNT,50.3,40.9,2018,91.2
3146,Sherlock Gnomes,Par.,43.2,47.1,2018,90.3
3147,Robin Hood (2018),LG/S,30.8,54.0,2018,84.8
3148,Mortal Engines,Uni.,16.0,67.7,2018,83.7
3149,How Long Will I Love U,WGUSA,0.747,82.1,2018,82.847
3150,Den of Thieves,STX,44.9,35.6,2018,80.5
3151,Hereditary,A24,44.1,35.3,2018,79.4
3152,Tag,WB (NL),54.7,23.4,2018,78.1
3153,Vice,Annapurna,47.8,28.2,2018,76.0
3154,Widows,Fox,42.4,33.6,2018,76.0
3155,Sicario: Day of the Soldado,Sony,50.1,25.8,2018,75.9
3156,Searching,SGem,26.0,49.4,2018,75.4
3157,The Spy Who Dumped Me,LGF,33.6,41.8,2018,75.4
3158,Second Act,STX,39.3,33.0,2018,72.3
3159,Sanju,FIP,7.9,63.6,2018,71.5
3161,12 Strong,WB,45.8,21.6,2018,67.4
3162,"Love, Simon",Fox,40.8,25.5,2018,66.3
3163,Mile 22,STX,36.1,30.2,2018,66.3
3164,Life of the Party,WB (NL),53.1,12.8,2018,65.9
3165,Isle Of Dogs,FoxS,32.0,32.2,2018,64.2
3166,Adrift,STX,31.4,28.5,2018,59.9
3167,The 15:17 to Paris,WB,36.3,20.8,2018,57.1
3168,Early Man,LGF,8.3,46.4,2018,54.7
3169,Peppermint,STX,35.4,18.4,2018,53.8
3170,Teen Titans Go! To The Movies,WB,29.8,22.3,2018,52.1
3171,Slender Man,SGem,30.6,21.2,2018,51.8
3172,Breaking In (2018),Uni.,46.8,4.6,2018,51.4
3173,Once Upon a Deadpool,Fox,6.1,44.4,2018,50.5
3174,The Son of Bigfoot,VPD,0.289,46.8,2018,47.089
3175,Uncle Drew,LG/S,42.5,4.2,2018,46.7
3176,Tyler Perry's Acrimony,LGF,43.5,2.9,2018,46.4
3177,Mary Queen of Scots,Focus,16.5,29.9,2018,46.4
3178,The Possession of Hannah Grace,SGem,14.8,28.2,2018,43.0
3179,Overlord,Par.,21.7,20.0,2018,41.7
3180,The Darkest Minds,Fox,12.7,28.4,2018,41.1
3181,Holmes and Watson,Sony,30.6,9.9,2018,40.5
3182,Show Dogs,Global Road,17.9,21.3,2018,39.2
3183,On the Basis of Sex,Focus,24.6,13.6,2018,38.2
3184,Namiya,CL,0.0708,35.3,2018,35.3708
3185,The Girl in the Spider's Web: A New Dragon Tattoo Story,Sony,14.8,20.3,2018,35.1
3186,The Hate U Give,Fox,29.7,5.2,2018,34.9
3188,Nobody's Fool,Par.,31.7,1.8,2018,33.5
3189,Bad Times At The El Royale,Fox,17.8,14.0,2018,31.8
3190,Baaghi 2,FIP,1.3,29.9,2018,31.2
3191,The Happytime Murders,STX,20.7,6.8,2018,27.5
3192,Midnight Sun,Global Road,9.6,17.8,2018,27.4
3193,Pad Man,Sony,1.7,25.6,2018,27.3
3194,Monster Family,VPD,0.127,26.3,2018,26.427
3195,White Boy Rick,Studio 8,24.0,1.9,2018,25.9
3197,The Death of Stalin,IFC,8.0,16.6,2018,24.6
3199,"Paul, Apostle of Christ",Affirm,17.6,5.5,2018,23.1
3200,Padmaavat,VPD,11.8,11.1,2018,22.9
3201,Proud Mary,SGem,20.9,0.876,2018,21.776
3202,Superfly,Sony,20.5,0.236,2018,20.736
3203,If Beale Street Could Talk,Annapurna,14.9,5.7,2018,20.6
3204,Burn the Stage: The Movie,Trafalgar,4.2,16.1,2018,20.3
3205,Detective K: Secret of the Living Dead,WGUSA,0.104,18.5,2018,18.604
3206,The Wife,SPC,9.6,8.6,2018,18.2
3207,Hell Fest,LGF,11.1,7.1,2018,18.2
3208,Chappaquiddick,ENTMP,17.4,0.591,2018,17.991
3211,The Children Act,A24,0.548,17.0,2018,17.548
3212,Beautiful Boy (2018),Amazon,7.6,8.7,2018,16.3
3214,Tully (2018),Focus,9.4,6.3,2018,15.7
3215,Unfriended: Dark Web,BH Tilt,8.9,6.3,2018,15.2
3216,Upgrade,BH Tilt,12.0,2.4,2018,14.4
3217,Unsane,BST,7.7,6.6,2018,14.3
3218,The Sisters Brothers,Annapurna,3.1,10.0,2018,13.1
3219,Welcome to Marwen,Uni.,10.8,2.1,2018,12.9
3220,Hotel Artemis,Global Road,6.7,6.0,2018,12.7
3221,Marrowbone,Magn.,0.0014,12.3,2018,12.3014
3222,102 Not Out,Sony,1.3,10.9,2018,12.2
3223,Boy Erased,Focus,6.8,5.0,2018,11.8
3224,Back to Burgundy,MBox,0.258,11.4,2018,11.658
3225,The Bookshop,Greenwich,1.6,9.9,2018,11.5
3227,Gringo,STX,5.0,6.0,2018,11.0
3228,Golden Slumber,CJ,0.0945,10.6,2018,10.6945
3229,Kin,LGF,5.7,4.3,2018,10.0
3230,The Big Bad Fox and Other Tales,GK,0.0358,9.6,2018,9.6358
3231,Traffik,LGF,9.2,0.336,2018,9.536
3233,7 Days in Entebbe,Focus,3.3,5.4,2018,8.7
3234,Pope Francis - A Man of His Word,Focus,2.0,6.6,2018,8.6
3235,Condorito: La Pelicula,LGF,0.448,8.0,2018,8.448
3236,Suspiria,Amazon,2.5,5.4,2018,7.9
3237,Disobedience,BST,3.5,4.4,2018,7.9
3238,Qu√© Le√≥n (What A Lion),Spanglish,2.6,5.2,2018,7.8
3239,Life Itself (2018),Amazon,4.099999,3.7,2018,7.799999
3240,Beirut,BST,5.0,2.5,2018,7.5
3241,Return of the Hero,Distrib.,0.0371,7.3,2018,7.3371
3242,Soorma,Sony,0.39,6.2,2018,6.59
3247,Destroyer,Annapurna,1.5,4.0,2018,5.5
3248,Madame,Blue Fox,0.091,5.3,2018,5.391
3250,Blindspotting,LG/S,4.3,0.53,2018,4.83
3252,Papillon (2018),BST,2.3,2.2,2018,4.5
3254,The Mercy,Scre.,0.0295,4.2,2018,4.2295
3255,Hichki,Yash,0.33,3.9,2018,4.23
3257,Don't Worry He Won't Get Far on Foot,Amazon,1.4,2.5,2018,3.9
3258,A Private War,Aviron,1.6,2.2,2018,3.8
3261,Gauguin: Voyage to Tahiti,Cohen,0.2,3.1,2018,3.3
3263,The Front Runner,Sony,2.0,1.2,2018,3.2
3265,Wildlife,IFC,1.1,2.0,2018,3.1
3268,Billionaire Boy's Club,VE,0.0013,2.5,2018,2.5013
3271,Bilal: A New Breed of Hero,VE,0.491,1.7,2018,2.191
3275,I Still See You,LGF,0.0014,1.5,2018,1.5014
3286,The Catcher Was a Spy,IFC,0.725,0.229,2018,0.954
3309,Time Freak,Grindstone,0.01,0.256,2018,0.266
3342,Reign of Judges: Title of Liberty - Concept Short,Darin Southa,0.0932,0.0052,2018,0.0984
3353,Antonio Lopez 1970: Sex Fashion & Disco,FM,0.0432,0.03,2018,0.0732
